Protocollo;Gruppo;DataOraIncidente;Localizzazione1;STRADA1;Localizzazione2;STRADA2;Strada02;Chilometrica;DaSpecificare;NaturaIncidente;particolaritastrade;TipoStrada;FondoStradale;Pavimentazione;Segnaletica;CondizioneAtmosferica;Traffico;Visibilita;Illuminazione;NUM_FERITI;NUM_RISERVATA;NUM_MORTI;NUM_ILLESI;Longitudine;Latitudine;Confermato;Progressivo;TipoVeicolo;StatoVeicolo;TipoPersona;Sesso;Tipolesione;Deceduto;DecedutoDopo;CinturaCascoUtilizzato;Airbag;
3901063;5;02/07/2018 17:35:00;;VIA TIBURTINA;da specificare;;;;direzione Tivoli uscita sottovia S. Getullo;Veicolo in marcia contro ostacolo accidentale;;;;;;;;;;0;0;0;1;12.641;41.9414;0;1;Autovettura privata;In marcia / fermata / arresto;Conducente;M;Illeso;0;;;
3901074;12;02/07/2018 10:45:00;Strada Urbana;LARGO GERARDO SERGI;da specificare;;;;area parcheggio prox. palo acea n. 6;Veicolo in marcia contro veicolo in sosta;Rettilineo;Una carreggiata a senso unico di marcia;Asciutto;Asfaltata;Verticale ed orizzontale;Sereno;Scarso;Buona;Ore Diurne;0;0;0;3;12.4358;41.7881;-1;1;Autovettura privata;Sosta;Passeggero;M;Illeso;0;;;
3901074;12;02/07/2018 10:45:00;Strada Urbana;LARGO GERARDO SERGI;da specificare;;;;area parcheggio prox. palo acea n. 6;Veicolo in marcia contro veicolo in sosta;Rettilineo;Una carreggiata a senso unico di marcia;Asciutto;Asfaltata;Verticale ed orizzontale;Sereno;Scarso;Buona;Ore Diurne;0;0;0;3;12.4358;41.7881;-1;1;Autovettura privata;Sosta;Passeggero;F;Illeso;0;;;
3901074;12;02/07/2018 10:45:00;Strada Urbana;LARGO GERARDO SERGI;da specificare;;;;area parcheggio prox. palo acea n. 6;Veicolo in marcia contro veicolo in sosta;Rettilineo;Una carreggiata a senso unico di marcia;Asciutto;Asfaltata;Verticale ed orizzontale;Sereno;Scarso;Buona;Ore Diurne;0;0;0;3;12.4358;41.7881;-1;2;Autocarro superiore 35 q.;In marcia / fermata / arresto;Conducente;M;Illeso;0;;;Inesploso
3901079;13;02/07/2018 23:30:00;Provinciale;VIA LITORANEA;all'intersezione con;VIA UGO FERRANDI;VIA UGO FERRANDI;;;Tamponamento;Incrocio;Una carreggiata a senso unico di marcia;Asciutto;Asfaltata;Orizzontale;Sereno;Scarso;Sufficiente;Sufficiente;1;0;0;1;12.3734;41.6877;-1;1;Autovettura privata;In marcia / fermata / arresto;Conducente;M;Illeso;0;;Non accertato;Inesploso
3901079;13;02/07/2018 23:30:00;Provinciale;VIA LITORANEA;all'intersezione con;VIA UGO FERRANDI;VIA UGO FERRANDI;;;Tamponamento;Incrocio;Una carreggiata a senso unico di marcia;Asciutto;Asfaltata;Orizzontale;Sereno;Scarso;Sufficiente;Sufficiente;1;0;0;1;12.3734;41.6877;-1;2;Motociclo a solo;In marcia / fermata / arresto;Conducente;M;Rimandato;0;NON DECEDUTO;Non accertato;
3901080;11;04/07/2018 00:45:00;Strada Urbana;VIA CRISTOFORO COLOMBO;in corrispondenza;;del civico n.;128;;Tamponamento;Rettilineo;Una carreggiata a senso unico di marcia;Asciutto;Asfaltata;Verticale ed orizzontale;Sereno;Scarso;Buona;Sufficiente;0;0;0;2;12.4964;41.8651;-1;1;Autovettura privata;In marcia / fermata / arresto;Conducente;F;Illeso;0;;;
3901080;11;04/07/2018 00:45:00;Strada Urbana;VIA CRISTOFORO COLOMBO;in corrispondenza;;del civico n.;128;;Tamponamento;Rettilineo;Una carreggiata a senso unico di marcia;Asciutto;Asfaltata;Verticale ed orizzontale;Sereno;Scarso;Buona;Sufficiente;0;0;0;2;12.4964;41.8651;-1;2;Autovettura privata;In marcia / fermata / arresto;Conducente;M;Illeso;0;;;
3901081;20;02/07/2018 08:40:00;Provinciale entro l'abitato;VIA BRACCIANENSE;all'intersezione con;VIA DELLA STAZIONE DI CESANO;VIA DELLA STAZIONE DI CESANO;;;Scontro frontale fra veicoli in marcia;Incrocio;Una carreggiata a doppio senso;Asciutto;Asfaltata;Verticale ed orizzontale;Sereno;Intenso;Buona;Ore Diurne;1;0;0;1;12.3654;42.0132;-1;1;Autovettura privata;In marcia / fermata / arresto;Conducente;F;Illeso;0;;;
3901081;20;02/07/2018 08:40:00;Provinciale entro l'abitato;VIA BRACCIANENSE;all'intersezione con;VIA DELLA STAZIONE DI CESANO;VIA DELLA STAZIONE DI CESANO;;;Scontro frontale fra veicoli in marcia;Incrocio;Una carreggiata a doppio senso;Asciutto;Asfaltata;Verticale ed orizzontale;Sereno;Intenso;Buona;Ore Diurne;1;0;0;1;12.3654;42.0132;-1;2;Velocipede;In marcia / fermata / arresto;Conducente;M;Rimandato;0;NON DECEDUTO;Esente;
3901085;19;03/07/2018 00:50:00;Strada Urbana;VIALE DELLE MEDAGLIE D'ORO;in corrispondenza;;del civico n.;165;;Veicolo in marcia contro veicoli in sosta;Curva a visuale libera;Una carreggiata a doppio senso;Asciutto;Asfaltata;Verticale ed orizzontale;Nuvoloso;Scarso;Buona;Sufficiente;1;0;0;0;12.4426;41.9155;-1;1;Autovettura privata;In marcia / fermata / arresto;Conducente;M;Rimandato;0;NON DECEDUTO;Non accertato;
3901117;10;02/07/2018 10:30:00;Strada Urbana;VIA ANAGNINA;da specificare;;;;altezza IKEA direzione ROMA centro;Veicolo in marcia contro ostacolo accidentale;Rettilineo;Due carreggiate;Asciutto;Asfaltata;Verticale ed orizzontale;Sereno;Normale;Buona;Ore Diurne;0;0;0;1;12.5923;41.836;-1;1;Autovettura privata;In marcia / fermata / arresto;Conducente;M;Illeso;0;;Non accertato;Inesploso
3901118;8;02/07/2018 09:45:00;Strada Urbana;VIALE DELLA SORBONA;da specificare;;;;altezza palo luce 90 direzione PTV;Scontro frontale/laterale SX fra veicoli in marcia;Rettilineo;Una carreggiata a senso unico di marcia;Asciutto;Asfaltata;Orizzontale;Sereno;Normale;Buona;Ore Diurne;1;0;0;1;12.612;41.8546;-1;1;Autovettura privata;In marcia / fermata / arresto;Conducente;M;Illeso;0;;Non accertato;
3901118;8;02/07/2018 09:45:00;Strada Urbana;VIALE DELLA SORBONA;da specificare;;;;altezza palo luce 90 direzione PTV;Scontro frontale/laterale SX fra veicoli in marcia;Rettilineo;Una carreggiata a senso unico di marcia;Asciutto;Asfaltata;Orizzontale;Sereno;Normale;Buona;Ore Diurne;1;0;0;1;12.612;41.8546;-1;2;Motociclo a solo;In marcia / fermata / arresto;Conducente;M;Ricoverato;0;NON DECEDUTO;;
3901120;8;02/07/2018 10:50:00;Strada Urbana;VIA DI TORRENOVA;all'intersezione con;VIA MAGLIE;VIA MAGLIE;;;Investimento di pedone;Incrocio;Una carreggiata a doppio senso;Asciutto;Asfaltata;Verticale;Sereno;Normale;Sufficiente;Ore Diurne;3;0;0;1;12.6185;41.8775;-1;;;;Pedone;F;Rifiuta cure immediate;0;NON DECEDUTO;;
3901120;8;02/07/2018 10:50:00;Strada Urbana;VIA DI TORRENOVA;all'intersezione con;VIA MAGLIE;VIA MAGLIE;;;Investimento di pedone;Incrocio;Una carreggiata a doppio senso;Asciutto;Asfaltata;Verticale;Sereno;Normale;Sufficiente;Ore Diurne;3;0;0;1;12.6185;41.8775;-1;;;;Pedone;M;Rimandato;0;NON DECEDUTO;;
3901120;8;02/07/2018 10:50:00;Strada Urbana;VIA DI TORRENOVA;all'intersezione con;VIA MAGLIE;VIA MAGLIE;;;Investimento di pedone;Incrocio;Una carreggiata a doppio senso;Asciutto;Asfaltata;Verticale;Sereno;Normale;Sufficiente;Ore Diurne;3;0;0;1;12.6185;41.8775;-1;;;;Pedone;M;Rifiuta cure immediate;0;NON DECEDUTO;;
3901120;8;02/07/2018 10:50:00;Strada Urbana;VIA DI TORRENOVA;all'intersezione con;VIA MAGLIE;VIA MAGLIE;;;Investimento di pedone;Incrocio;Una carreggiata a doppio senso;Asciutto;Asfaltata;Verticale;Sereno;Normale;Sufficiente;Ore Diurne;3;0;0;1;12.6185;41.8775;-1;1;Autovettura privata;In marcia / fermata / arresto;Conducente;M;Illeso;0;;Non accertato;Inesploso
3901122;8;02/07/2018 16:20:00;Strada Urbana;VIA DEL FOSSO DI S. MAURA;all'intersezione con;VIALE ANTONIO CIAMARRA;VIALE ANTONIO CIAMARRA;;;Scontro frontale/laterale SX fra veicoli in marcia;Intersezione semaforizzata;Una carreggiata a doppio senso;Asciutto;Asfaltata;Verticale ed orizzontale;Sereno;Normale;Buona;Ore Diurne;1;0;0;2;12.5915;41.8587;-1;1;Autocarro inferiore 35 q.;In marcia / fermata / arresto;Conducente;M;Illeso;0;;Non accertato;Inesploso
3901122;8;02/07/2018 16:20:00;Strada Urbana;VIA DEL FOSSO DI S. MAURA;all'intersezione con;VIALE ANTONIO CIAMARRA;VIALE ANTONIO CIAMARRA;;;Scontro frontale/laterale SX fra veicoli in marcia;Intersezione semaforizzata;Una carreggiata a doppio senso;Asciutto;Asfaltata;Verticale ed orizzontale;Sereno;Normale;Buona;Ore Diurne;1;0;0;2;12.5915;41.8587;-1;2;Autovettura privata;In marcia / fermata / arresto;Conducente;M;Illeso;0;;Non accertato;Inesploso
3901122;8;02/07/2018 16:20:00;Strada Urbana;VIA DEL FOSSO DI S. MAURA;all'intersezione con;VIALE ANTONIO CIAMARRA;VIALE ANTONIO CIAMARRA;;;Scontro frontale/laterale SX fra veicoli in marcia;Intersezione semaforizzata;Una carreggiata a doppio senso;Asciutto;Asfaltata;Verticale ed orizzontale;Sereno;Normale;Buona;Ore Diurne;1;0;0;2;12.5915;41.8587;-1;2;Autovettura privata;In marcia / fermata / arresto;Passeggero;F;Rimandato;0;NON DECEDUTO;Non accertato;Inesploso
3901123;13;02/07/2018 19:00:00;Strada Urbana;VIA FABIO GORI;all'intersezione con;VIA ANTONIO MUNOZ;VIA ANTONIO MUNOZ;;;Scontro frontale/laterale DX fra veicoli in marcia;Incrocio;Una carreggiata a doppio senso;Asciutto;Asfaltata;Verticale ed orizzontale;Sereno;Normale;Buona;Ore Diurne;0;0;0;4;12.3029;41.7654;-1;1;Autovettura privata;In marcia / fermata / arresto;Conducente;F;Illeso;0;;Non accertato;Inesploso
3901123;13;02/07/2018 19:00:00;Strada Urbana;VIA FABIO GORI;all'intersezione con;VIA ANTONIO MUNOZ;VIA ANTONIO MUNOZ;;;Scontro frontale/laterale DX fra veicoli in marcia;Incrocio;Una carreggiata a doppio senso;Asciutto;Asfaltata;Verticale ed orizzontale;Sereno;Normale;Buona;Ore Diurne;0;0;0;4;12.3029;41.7654;-1;1;Autovettura privata;In marcia / fermata / arresto;Passeggero;F;Illeso;0;;Non accertato;Inesploso
3901123;13;02/07/2018 19:00:00;Strada Urbana;VIA FABIO GORI;all'intersezione con;VIA ANTONIO MUNOZ;VIA ANTONIO MUNOZ;;;Scontro frontale/laterale DX fra veicoli in marcia;Incrocio;Una carreggiata a doppio senso;Asciutto;Asfaltata;Verticale ed orizzontale;Sereno;Normale;Buona;Ore Diurne;0;0;0;4;12.3029;41.7654;-1;1;Autovettura privata;In marcia / fermata / arresto;Passeggero;F;Illeso;0;;Non accertato;Inesploso
3901123;13;02/07/2018 19:00:00;Strada Urbana;VIA FABIO GORI;all'intersezione con;VIA ANTONIO MUNOZ;VIA ANTONIO MUNOZ;;;Scontro frontale/laterale DX fra veicoli in marcia;Incrocio;Una carreggiata a doppio senso;Asciutto;Asfaltata;Verticale ed orizzontale;Sereno;Normale;Buona;Ore Diurne;0;0;0;4;12.3029;41.7654;-1;2;Autovettura privata;In marcia / fermata / arresto;Conducente;M;Illeso;0;;Non accertato;Inesploso
3901125;8;02/07/2018 16:50:00;Statale entro l'abitato;VIA CASILINA;da specificare;;;;uscita GRA  direzione Roma/Firenze;Scontro laterale fra veicoli in marcia;Curva a visuale libera;Una carreggiata a senso unico di marcia;Asciutto;Asfaltata;Verticale ed orizzontale;Sereno;Intenso;Buona;Ore Diurne;1;0;0;3;12.6271;41.8632;-1;1;Motociclo a solo;In marcia / fermata / arresto;Conducente;M;Rimandato;0;NON DECEDUTO;Non accertato;
3901125;8;02/07/2018 16:50:00;Statale entro l'abitato;VIA CASILINA;da specificare;;;;uscita GRA  direzione Roma/Firenze;Scontro laterale fra veicoli in marcia;Curva a visuale libera;Una carreggiata a senso unico di marcia;Asciutto;Asfaltata;Verticale ed orizzontale;Sereno;Intenso;Buona;Ore Diurne;1;0;0;3;12.6271;41.8632;-1;2;Autovettura privata;In marcia / fermata / arresto;Conducente;M;Illeso;0;;Non accertato;Inesploso
3901125;8;02/07/2018 16:50:00;Statale entro l'abitato;VIA CASILINA;da specificare;;;;uscita GRA  direzione Roma/Firenze;Scontro laterale fra veicoli in marcia;Curva a visuale libera;Una carreggiata a senso unico di marcia;Asciutto;Asfaltata;Verticale ed orizzontale;Sereno;Intenso;Buona;Ore Diurne;1;0;0;3;12.6271;41.8632;-1;2;Autovettura privata;In marcia / fermata / arresto;Passeggero;M;Illeso;0;;Non accertato;Inesploso
3901125;8;02/07/2018 16:50:00;Statale entro l'abitato;VIA CASILINA;da specificare;;;;uscita GRA  direzione Roma/Firenze;Scontro laterale fra veicoli in marcia;Curva a visuale libera;Una carreggiata a senso unico di marcia;Asciutto;Asfaltata;Verticale ed orizzontale;Sereno;Intenso;Buona;Ore Diurne;1;0;0;3;12.6271;41.8632;-1;3;Autovettura privata;In marcia / fermata / arresto;Conducente;M;Illeso;0;;Non accertato;Inesploso
3901133;18;03/07/2018 00:40:00;Strada Urbana;VIA PIER DELLE VIGNE;in prossimità;;del civico n.;5;;Tamponamento;Rettilineo;Una carreggiata a senso unico di marcia;Asciutto;Asfaltata;Verticale ed orizzontale;Sereno;Scarso;Buona;Sufficiente;0;0;0;3;12.4274;41.9002;-1;1;Autovettura privata;In marcia / fermata / arresto;Conducente;M;Illeso;0;;;
3901133;18;03/07/2018 00:40:00;Strada Urbana;VIA PIER DELLE VIGNE;in prossimità;;del civico n.;5;;Tamponamento;Rettilineo;Una carreggiata a senso unico di marcia;Asciutto;Asfaltata;Verticale ed orizzontale;Sereno;Scarso;Buona;Sufficiente;0;0;0;3;12.4274;41.9002;-1;2;Motociclo con passeggero;In marcia / fermata / arresto;Conducente;M;Illeso;0;;;
3901133;18;03/07/2018 00:40:00;Strada Urbana;VIA PIER DELLE VIGNE;in prossimità;;del civico n.;5;;Tamponamento;Rettilineo;Una carreggiata a senso unico di marcia;Asciutto;Asfaltata;Verticale ed orizzontale;Sereno;Scarso;Buona;Sufficiente;0;0;0;3;12.4274;41.9002;-1;2;Motociclo con passeggero;In marcia / fermata / arresto;Passeggero;F;Illeso;0;;;
3901141;10;02/07/2018 10:50:00;Strada Urbana;VIA MARIO BROGLIO;all'intersezione con;VIA LUCREZIA ROMANA;VIA LUCREZIA ROMANA;;;Scontro laterale fra veicoli in marcia;Intersezione stradale segnalata;Una carreggiata a doppio senso;Asciutto;Asfaltata;Verticale ed orizzontale;Sereno;Normale;Buona;Ore Diurne;0;0;0;2;12.5784;41.8323;-1;1;Motociclo a solo;In marcia / fermata / arresto;Conducente;M;Illeso;0;;Non accertato;
3901141;10;02/07/2018 10:50:00;Strada Urbana;VIA MARIO BROGLIO;all'intersezione con;VIA LUCREZIA ROMANA;VIA LUCREZIA ROMANA;;;Scontro laterale fra veicoli in marcia;Intersezione stradale segnalata;Una carreggiata a doppio senso;Asciutto;Asfaltata;Verticale ed orizzontale;Sereno;Normale;Buona;Ore Diurne;0;0;0;2;12.5784;41.8323;-1;2;Autovettura privata;In marcia / fermata / arresto;Conducente;F;Illeso;0;;Non accertato;Inesploso
3901144;12;03/07/2018 07:50:00;Strada Urbana;VIA CHOPIN;in prossimità;;del civico n.;31;;Scontro laterale fra veicoli in marcia;Rettilineo;Una carreggiata a doppio senso;Asciutto;Asfaltata;Verticale ed orizzontale;Sereno;Normale;Buona;Ore Diurne;0;0;0;2;12.4688;41.8345;-1;1;Autovettura privata;In marcia / fermata / arresto;Conducente;M;Illeso;0;;Non accertato;Inesploso
3901144;12;03/07/2018 07:50:00;Strada Urbana;VIA CHOPIN;in prossimità;;del civico n.;31;;Scontro laterale fra veicoli in marcia;Rettilineo;Una carreggiata a doppio senso;Asciutto;Asfaltata;Verticale ed orizzontale;Sereno;Normale;Buona;Ore Diurne;0;0;0;2;12.4688;41.8345;-1;2;Autovettura pubblica;In marcia / fermata / arresto;Conducente;M;Illeso;0;;Non accertato;Inesploso
3901204;18;02/07/2018 15:15:00;Strada Urbana;VIA DELLE FORNACI;da specificare;;;;PROSSIMITA VIA NUOVA DELLE FORNACI;Veicolo in marcia contro ostacolo fisso;Rettilineo;Una carreggiata a senso unico di marcia;Asciutto;Asfaltata;Verticale ed orizzontale;Sereno;Normale;Buona;Ore Diurne;1;0;0;0;12.4584;41.8904;-1;1;Autovettura privata;In marcia / fermata / arresto;Conducente;F;Rimandato;0;NON DECEDUTO;Non accertato;Esploso
3901222;18;02/07/2018 19:45:00;Strada Urbana;VIA DI BOCCEA;all'intersezione con;VIA DI VAL CANNUTA;VIA DI VAL CANNUTA;;;Scontro frontale/laterale SX fra veicoli in marcia;Incrocio;Una carreggiata a doppio senso;Asciutto;Asfaltata;Verticale ed orizzontale;Sereno;Normale;Sufficiente;Sufficiente;2;0;0;3;12.3847;41.9149;-1;1;Autovettura privata;In marcia / fermata / arresto;Conducente;F;Rifiuta cure immediate;0;NON DECEDUTO;;
3901222;18;02/07/2018 19:45:00;Strada Urbana;VIA DI BOCCEA;all'intersezione con;VIA DI VAL CANNUTA;VIA DI VAL CANNUTA;;;Scontro frontale/laterale SX fra veicoli in marcia;Incrocio;Una carreggiata a doppio senso;Asciutto;Asfaltata;Verticale ed orizzontale;Sereno;Normale;Sufficiente;Sufficiente;2;0;0;3;12.3847;41.9149;-1;1;Autovettura privata;In marcia / fermata / arresto;Passeggero;F;Rifiuta cure immediate;0;NON DECEDUTO;;
3901222;18;02/07/2018 19:45:00;Strada Urbana;VIA DI BOCCEA;all'intersezione con;VIA DI VAL CANNUTA;VIA DI VAL CANNUTA;;;Scontro frontale/laterale SX fra veicoli in marcia;Incrocio;Una carreggiata a doppio senso;Asciutto;Asfaltata;Verticale ed orizzontale;Sereno;Normale;Sufficiente;Sufficiente;2;0;0;3;12.3847;41.9149;-1;2;Autovettura privata;In marcia / fermata / arresto;Conducente;M;Illeso;0;;;
3901222;18;02/07/2018 19:45:00;Strada Urbana;VIA DI BOCCEA;all'intersezione con;VIA DI VAL CANNUTA;VIA DI VAL CANNUTA;;;Scontro frontale/laterale SX fra veicoli in marcia;Incrocio;Una carreggiata a doppio senso;Asciutto;Asfaltata;Verticale ed orizzontale;Sereno;Normale;Sufficiente;Sufficiente;2;0;0;3;12.3847;41.9149;-1;2;Autovettura privata;In marcia / fermata / arresto;Passeggero;F;Illeso;0;;;
3901222;18;02/07/2018 19:45:00;Strada Urbana;VIA DI BOCCEA;all'intersezione con;VIA DI VAL CANNUTA;VIA DI VAL CANNUTA;;;Scontro frontale/laterale SX fra veicoli in marcia;Incrocio;Una carreggiata a doppio senso;Asciutto;Asfaltata;Verticale ed orizzontale;Sereno;Normale;Sufficiente;Sufficiente;2;0;0;3;12.3847;41.9149;-1;2;Autovettura privata;In marcia / fermata / arresto;Passeggero;M;Illeso;0;;;
3901228;4;02/07/2018 16:45:00;Strada Urbana;VIA DI VALLE MELAINA;all'intersezione semaforizzata con;PIAZZALE JONIO;PIAZZALE JONIO;;;Tamponamento;Intersezione semaforizzata;Due carreggiate;Asciutto;Asfaltata;Verticale ed orizzontale;Sereno;Normale;Buona;Ore Diurne;0;0;0;2;12.5255;41.9464;-1;1;Autovettura privata;In marcia / fermata / arresto;Conducente;M;Illeso;0;;;
3901228;4;02/07/2018 16:45:00;Strada Urbana;VIA DI VALLE MELAINA;all'intersezione semaforizzata con;PIAZZALE JONIO;PIAZZALE JONIO;;;Tamponamento;Intersezione semaforizzata;Due carreggiate;Asciutto;Asfaltata;Verticale ed orizzontale;Sereno;Normale;Buona;Ore Diurne;0;0;0;2;12.5255;41.9464;-1;2;Autocarro inferiore 35 q.;In marcia / fermata / arresto;Conducente;M;Illeso;0;;Non accertato;Inesploso
3901232;20;03/07/2018 08:00:00;Regionale entro l'abitato;VIA FLAMINIA;in corrispondenza;;del civico n.;672;;Scontro laterale fra veicoli in marcia;Rettilineo;Una carreggiata a doppio senso;Asciutto;Asfaltata;Orizzontale;Sereno;Normale;Buona;Ore Diurne;1;0;0;1;12.4721;41.943;-1;1;Motociclo a solo;In marcia / fermata / arresto;Conducente;M;Ricoverato;0;NON DECEDUTO;Non accertato;
3901232;20;03/07/2018 08:00:00;Regionale entro l'abitato;VIA FLAMINIA;in corrispondenza;;del civico n.;672;;Scontro laterale fra veicoli in marcia;Rettilineo;Una carreggiata a doppio senso;Asciutto;Asfaltata;Orizzontale;Sereno;Normale;Buona;Ore Diurne;1;0;0;1;12.4721;41.943;-1;2;Autovettura privata;In marcia / fermata / arresto;Conducente;M;Illeso;0;;Non accertato;Inesploso
3901234;13;02/07/2018 16:30:00;Strada Urbana;VIA DI SAPONARA;da specificare;;;;ALT. VIA E. CECCONI;Scontro laterale fra veicoli in marcia;Rettilineo;Una carreggiata a doppio senso;Asciutto;Asfaltata;Assente;Sereno;Normale;Buona;Ore Diurne;0;0;0;3;12.3452;41.7741;-1;1;Autovettura privata;In marcia / fermata / arresto;Conducente;F;Illeso;0;;Non accertato;Inesploso
3901234;13;02/07/2018 16:30:00;Strada Urbana;VIA DI SAPONARA;da specificare;;;;ALT. VIA E. CECCONI;Scontro laterale fra veicoli in marcia;Rettilineo;Una carreggiata a doppio senso;Asciutto;Asfaltata;Assente;Sereno;Normale;Buona;Ore Diurne;0;0;0;3;12.3452;41.7741;-1;1;Autovettura privata;In marcia / fermata / arresto;Passeggero;F;Illeso;0;;;
3901234;13;02/07/2018 16:30:00;Strada Urbana;VIA DI SAPONARA;da specificare;;;;ALT. VIA E. CECCONI;Scontro laterale fra veicoli in marcia;Rettilineo;Una carreggiata a doppio senso;Asciutto;Asfaltata;Assente;Sereno;Normale;Buona;Ore Diurne;0;0;0;3;12.3452;41.7741;-1;2;Autovettura privata;In marcia / fermata / arresto;Conducente;F;Illeso;0;;Non accertato;Inesploso
3901261;18;03/07/2018 01:00:00;Strada Urbana;VIA GREGORIO VII;in prossimità;;del civico n.;63;;Scontro frontale/laterale DX fra veicoli in marcia;Rettilineo;Più di due carreggiate;Asciutto;Asfaltata;Verticale ed orizzontale;Nuvoloso;Scarso;Sufficiente;Sufficiente;0;0;0;2;12.4506;41.8974;-1;1;Autovettura privata;In marcia / fermata / arresto;Conducente;M;Illeso;0;;;
3901261;18;03/07/2018 01:00:00;Strada Urbana;VIA GREGORIO VII;in prossimità;;del civico n.;63;;Scontro frontale/laterale DX fra veicoli in marcia;Rettilineo;Più di due carreggiate;Asciutto;Asfaltata;Verticale ed orizzontale;Nuvoloso;Scarso;Sufficiente;Sufficiente;0;0;0;2;12.4506;41.8974;-1;2;Autovettura pubblica;In marcia / fermata / arresto;Conducente;M;Illeso;0;;;
3901269;10;03/07/2018 08:40:00;Strada Urbana;VIA SANT'AGATA DI ESARO;in corrispondenza;;del civico n.;68;;Veicolo in marcia contro veicolo in sosta;Rettilineo;Una carreggiata a doppio senso;Asciutto;Asfaltata;Assente;Nuvoloso;Normale;Buona;Ore Diurne;0;0;0;1;12.586;41.8346;-1;1;Autovettura privata;In marcia / fermata / arresto;Conducente;F;Illeso;0;;Non accertato;Inesploso
3901271;12;02/07/2018 16:00:00;Strada Urbana;VIA ETTORE ARENA;in prossimità;;del civico n.;199;;Veicolo in marcia contro veicolo in sosta;Rettilineo;Una carreggiata a doppio senso;Asciutto;Asfaltata;Verticale ed orizzontale;Sereno;Scarso;Buona;Ore Diurne;0;0;0;1;12.4457;41.7921;-1;2;Autovettura privata;In marcia / fermata / arresto;Conducente;M;Illeso;0;;Non accertato;Inesploso
3901280;4;02/07/2018 06:20:00;Statale entro l'abitato;VIA SALARIA;in prossimità;;del civico n.;851;;Tamponamento;Rettilineo;Due carreggiate;Asciutto;Asfaltata;Verticale ed orizzontale;Sereno;Intenso;Buona;Ore Diurne;1;0;0;2;12.5057;41.952;-1;1;Autovettura privata;In marcia / fermata / arresto;Conducente;M;Illeso;0;;;Inesploso
3901280;4;02/07/2018 06:20:00;Statale entro l'abitato;VIA SALARIA;in prossimità;;del civico n.;851;;Tamponamento;Rettilineo;Due carreggiate;Asciutto;Asfaltata;Verticale ed orizzontale;Sereno;Intenso;Buona;Ore Diurne;1;0;0;2;12.5057;41.952;-1;1;Autovettura privata;In marcia / fermata / arresto;Passeggero;F;Illeso;0;;Non accertato;Inesploso
3901280;4;02/07/2018 06:20:00;Statale entro l'abitato;VIA SALARIA;in prossimità;;del civico n.;851;;Tamponamento;Rettilineo;Due carreggiate;Asciutto;Asfaltata;Verticale ed orizzontale;Sereno;Intenso;Buona;Ore Diurne;1;0;0;2;12.5057;41.952;-1;2;Autovettura privata;In marcia / fermata / arresto;Conducente;M;Rifiuta cure immediate;0;NON DECEDUTO;Non accertato;Inesploso
3901294;11;03/07/2018 08:45:00;Strada Urbana;VIA ARDEATINA;in corrispondenza;;del palo luce n.;306;;Scontro laterale fra veicoli in marcia;Rettilineo;Una carreggiata a senso unico di marcia;Asciutto;Asfaltata;Verticale ed orizzontale;Sereno;Normale;Buona;Ore Diurne;0;0;0;2;12.5254;41.8131;-1;1;Autovettura privata;In marcia / fermata / arresto;Conducente;M;Illeso;0;;Non accertato;Inesploso
3901294;11;03/07/2018 08:45:00;Strada Urbana;VIA ARDEATINA;in corrispondenza;;del palo luce n.;306;;Scontro laterale fra veicoli in marcia;Rettilineo;Una carreggiata a senso unico di marcia;Asciutto;Asfaltata;Verticale ed orizzontale;Sereno;Normale;Buona;Ore Diurne;0;0;0;2;12.5254;41.8131;-1;2;Autovettura privata;In marcia / fermata / arresto;Conducente;M;Illeso;0;;Utilizzato;Inesploso
3901301;4;02/07/2018 04:55:00;Statale entro l'abitato;VIA SALARIA;in prossimità;;del civico n.;825;;Tamponamento;Rettilineo;Due carreggiate;Asciutto;Asfaltata;Assente;Sereno;Scarso;Sufficiente;Sufficiente;0;0;0;2;12.5048;41.9523;-1;1;Autovettura privata;In marcia / fermata / arresto;Conducente;M;Illeso;0;;Non accertato;
3901301;4;02/07/2018 04:55:00;Statale entro l'abitato;VIA SALARIA;in prossimità;;del civico n.;825;;Tamponamento;Rettilineo;Due carreggiate;Asciutto;Asfaltata;Assente;Sereno;Scarso;Sufficiente;Sufficiente;0;0;0;2;12.5048;41.9523;-1;2;Autovettura privata;In marcia / fermata / arresto;Conducente;M;Illeso;0;;Non accertato;
3901308;23;03/07/2018;Comunale extraurbana;VIA CRISTOFORO COLOMBO;all'intersezione semaforizzata con;VIA DI CASAL PALOCCO;VIA DI CASAL PALOCCO;;;Scontro laterale fra veicoli in marcia;Intersezione semaforizzata;Più di due carreggiate;Asciutto;Asfaltata;Verticale ed orizzontale;Nuvoloso;Scarso;Buona;Sufficiente;0;0;0;2;12.4116;41.7858;-1;1;Autovettura privata;In marcia / fermata / arresto;Conducente;M;Illeso;0;;Non accertato;Inesploso