Protocollo;Gruppo;DataOraIncidente;Localizzazione1;STRADA1;Localizzazione2;STRADA2;Strada02;Chilometrica;DaSpecificare;NaturaIncidente;particolaritastrade;TipoStrada;FondoStradale;Pavimentazione;Segnaletica;CondizioneAtmosferica;Traffico;Visibilita;Illuminazione;NUM_FERITI;NUM_RISERVATA;NUM_MORTI;NUM_ILLESI;Longitudine;Latitudine;Confermato;Progressivo;TipoVeicolo;StatoVeicolo;TipoPersona;Sesso;Tipolesione;Deceduto;DecedutoDopo;CinturaCascoUtilizzato;Airbag;
3912918;2;10/07/2018 09:15:00;Strada Urbana;SOTTOVIA IGNAZIO GUIDI;da specificare;;;;dir. Flaminio prima Corso d Italia;Scontro laterale fra veicoli in marcia;Rettilineo;Una carreggiata a doppio senso;Asciutto;Asfaltata;Verticale ed orizzontale;Sereno;Normale;Buona;Ore Diurne;0;0;0;3;12.5014;41.9096;-1;1;Autovettura pubblica;In marcia / fermata / arresto;Conducente;M;Illeso;0;;Non accertato;Inesploso
3912918;2;10/07/2018 09:15:00;Strada Urbana;SOTTOVIA IGNAZIO GUIDI;da specificare;;;;dir. Flaminio prima Corso d Italia;Scontro laterale fra veicoli in marcia;Rettilineo;Una carreggiata a doppio senso;Asciutto;Asfaltata;Verticale ed orizzontale;Sereno;Normale;Buona;Ore Diurne;0;0;0;3;12.5014;41.9096;-1;1;Autovettura pubblica;In marcia / fermata / arresto;Passeggero;F;Illeso;0;;Non accertato;Inesploso
3912918;2;10/07/2018 09:15:00;Strada Urbana;SOTTOVIA IGNAZIO GUIDI;da specificare;;;;dir. Flaminio prima Corso d Italia;Scontro laterale fra veicoli in marcia;Rettilineo;Una carreggiata a doppio senso;Asciutto;Asfaltata;Verticale ed orizzontale;Sereno;Normale;Buona;Ore Diurne;0;0;0;3;12.5014;41.9096;-1;2;Motociclo con passeggero;In marcia / fermata / arresto;Conducente;M;Illeso;0;;Non accertato;
3912936;3;10/07/2018 14:00:00;Strada Urbana;VIA RODOLFO LANCIANI;in corrispondenza;;del civico n.;55;;Scontro frontale/laterale SX fra veicoli in marcia;Rettilineo;Una carreggiata a senso unico di marcia;Asciutto;Asfaltata;Verticale ed orizzontale;Sereno;Normale;Buona;Ore Diurne;0;1;0;1;12.5239;41.9215;-1;1;Motociclo a solo;In marcia / fermata / arresto;Conducente;F;Prognosi riservata;0;NON DECEDUTO;Non accertato;
3912936;3;10/07/2018 14:00:00;Strada Urbana;VIA RODOLFO LANCIANI;in corrispondenza;;del civico n.;55;;Scontro frontale/laterale SX fra veicoli in marcia;Rettilineo;Una carreggiata a senso unico di marcia;Asciutto;Asfaltata;Verticale ed orizzontale;Sereno;Normale;Buona;Ore Diurne;0;1;0;1;12.5239;41.9215;-1;2;Autovettura privata;In marcia / fermata / arresto;Conducente;F;Illeso;0;;Non accertato;
3912947;13;10/07/2018 18:45:00;Strada Urbana;VIA ERMANNO WOLF FERRARI;da specificare;;;;242 (area di parcheggio);Tamponamento;Rettilineo;Una carreggiata a doppio senso;Asciutto;Asfaltata;Assente;Sereno;Normale;Buona;Ore Diurne;0;0;0;2;12.3779;41.7482;-1;1;Autovettura privata;In marcia / fermata / arresto;Conducente;M;Illeso;0;;Non accertato;Inesploso
3912947;13;10/07/2018 18:45:00;Strada Urbana;VIA ERMANNO WOLF FERRARI;da specificare;;;;242 (area di parcheggio);Tamponamento;Rettilineo;Una carreggiata a doppio senso;Asciutto;Asfaltata;Assente;Sereno;Normale;Buona;Ore Diurne;0;0;0;2;12.3779;41.7482;-1;1;Autovettura privata;In marcia / fermata / arresto;Passeggero;M;Illeso;0;;;
3912967;2;11/07/2018 01:45:00;Strada Urbana;PIAZZA PIER CARLO TALENTI;all'intersezione semaforizzata con;VIA UGO OJETTI;VIA UGO OJETTI;;;Veicolo in marcia contro ostacolo fisso;Intersezione semaforizzata;Una carreggiata a senso unico di marcia;Asciutto;Asfaltata;Verticale ed orizzontale;Sereno;Scarso;Buona;Sufficiente;0;0;0;1;12.5477;41.9441;-1;1;Autovettura privata;In marcia / fermata / arresto;Conducente;M;Illeso;0;;Non accertato;Esploso
3912970;20;11/07/2018 09:15:00;Strada Urbana;VIA ELIGIO POSSENTI;in corrispondenza;;del civico n.;26;;Veicolo in marcia contro veicolo arresto;Pendenza;Una carreggiata a senso unico di marcia;Asciutto;Asfaltata;Verticale;Sereno;Scarso;Buona;Ore Diurne;0;0;0;2;12.3701;42.014;-1;1;Autocarro inferiore 35 q.;In marcia / fermata / arresto;Conducente;M;Illeso;0;;Non accertato;Inesploso
3912970;20;11/07/2018 09:15:00;Strada Urbana;VIA ELIGIO POSSENTI;in corrispondenza;;del civico n.;26;;Veicolo in marcia contro veicolo arresto;Pendenza;Una carreggiata a senso unico di marcia;Asciutto;Asfaltata;Verticale;Sereno;Scarso;Buona;Ore Diurne;0;0;0;2;12.3701;42.014;-1;2;Autovettura privata;In marcia / fermata / arresto;Conducente;M;Illeso;0;;Non accertato;Inesploso
3912977;16;10/07/2018 07:20:00;Strada Urbana;VIA DANTE DE BLASI;all'intersezione con;PIAZZALE EUGENIO MORELLI;PIAZZALE EUGENIO MORELLI;;;Tamponamento;Intersezione stradale segnalata;Una carreggiata a senso unico di marcia;Asciutto;Asfaltata;Verticale ed orizzontale;Sereno;Normale;Buona;Ore Diurne;0;0;0;2;12.4454;41.8598;-1;1;Autovettura privata;In marcia / fermata / arresto;Conducente;M;Illeso;0;;Non accertato;Inesploso
3912977;16;10/07/2018 07:20:00;Strada Urbana;VIA DANTE DE BLASI;all'intersezione con;PIAZZALE EUGENIO MORELLI;PIAZZALE EUGENIO MORELLI;;;Tamponamento;Intersezione stradale segnalata;Una carreggiata a senso unico di marcia;Asciutto;Asfaltata;Verticale ed orizzontale;Sereno;Normale;Buona;Ore Diurne;0;0;0;2;12.4454;41.8598;-1;2;Autovettura privata;In marcia / fermata / arresto;Conducente;F;Illeso;0;;Non accertato;Inesploso
3912991;18;10/07/2018 23:00:00;Strada Urbana;VIA FRATEL GIUSEPPE LAZZARO;da specificare;;;;ALTEZZA CABINA ACEA;Investimento di pedone;Rettilineo;Una carreggiata a doppio senso;Asciutto;Asfaltata;Assente;Sereno;Scarso;Buona;Sufficiente;1;0;0;1;12.4012;41.9135;-1;;;;Pedone;M;Ricoverato;0;NON DECEDUTO;;
3912991;18;10/07/2018 23:00:00;Strada Urbana;VIA FRATEL GIUSEPPE LAZZARO;da specificare;;;;ALTEZZA CABINA ACEA;Investimento di pedone;Rettilineo;Una carreggiata a doppio senso;Asciutto;Asfaltata;Assente;Sereno;Scarso;Buona;Sufficiente;1;0;0;1;12.4012;41.9135;-1;1;Autovettura privata;In marcia / fermata / arresto;Conducente;F;Illeso;0;;;
3912998;1;10/07/2018 17:00:00;Strada Urbana;VIA DEL PLEBISCITO;all'intersezione con;VIA DEGLI ASTALLI;VIA DEGLI ASTALLI;;;Investimento di pedone;Incrocio;Una carreggiata a senso unico di marcia;Asciutto;Asfaltata;Verticale ed orizzontale;Sereno;Normale;Buona;Ore Diurne;1;0;0;1;12.4803;41.8963;0;;;;Pedone;F;Rimandato;0;NON DECEDUTO;;
3912998;1;10/07/2018 17:00:00;Strada Urbana;VIA DEL PLEBISCITO;all'intersezione con;VIA DEGLI ASTALLI;VIA DEGLI ASTALLI;;;Investimento di pedone;Incrocio;Una carreggiata a senso unico di marcia;Asciutto;Asfaltata;Verticale ed orizzontale;Sereno;Normale;Buona;Ore Diurne;1;0;0;1;12.4803;41.8963;0;1;Motociclo a solo;In marcia / fermata / arresto;Conducente;M;Illeso;0;;Non accertato;
3913017;11;11/07/2018 09:40:00;Strada Urbana;VIALE GUGLIELMO MARCONI;all'intersezione semaforizzata con;VIA GIUSEPPE VERATTI;VIA GIUSEPPE VERATTI;;;Tamponamento;Intersezione semaforizzata;Due carreggiate;Asciutto;Asfaltata;Verticale ed orizzontale;Nuvoloso;Normale;Buona;Ore Diurne;0;0;0;2;12.4715;41.8567;-1;1;Autovettura privata;In marcia / fermata / arresto;Conducente;M;Illeso;0;;Non accertato;Inesploso
3913017;11;11/07/2018 09:40:00;Strada Urbana;VIALE GUGLIELMO MARCONI;all'intersezione semaforizzata con;VIA GIUSEPPE VERATTI;VIA GIUSEPPE VERATTI;;;Tamponamento;Intersezione semaforizzata;Due carreggiate;Asciutto;Asfaltata;Verticale ed orizzontale;Nuvoloso;Normale;Buona;Ore Diurne;0;0;0;2;12.4715;41.8567;-1;2;Autovettura privata;In marcia / fermata / arresto;Conducente;M;Illeso;0;;Non accertato;Inesploso
3913019;8;10/07/2018 12:15:00;Strada Urbana;VIA ALFONSO ALBERGHETTI;all'intersezione con;VIA DOMENICO BECCAFUMI;VIA DOMENICO BECCAFUMI;;;Scontro frontale/laterale DX fra veicoli in marcia;Intersezione stradale segnalata;Una carreggiata a senso unico di marcia;Asciutto;Asfaltata;Verticale;Nuvoloso;Normale;Buona;Ore Diurne;0;0;0;3;12.6243;41.8678;-1;1;Autovettura privata;In marcia / fermata / arresto;Conducente;M;Illeso;0;;Non accertato;Inesploso
3913019;8;10/07/2018 12:15:00;Strada Urbana;VIA ALFONSO ALBERGHETTI;all'intersezione con;VIA DOMENICO BECCAFUMI;VIA DOMENICO BECCAFUMI;;;Scontro frontale/laterale DX fra veicoli in marcia;Intersezione stradale segnalata;Una carreggiata a senso unico di marcia;Asciutto;Asfaltata;Verticale;Nuvoloso;Normale;Buona;Ore Diurne;0;0;0;3;12.6243;41.8678;-1;2;Autovettura privata;In marcia / fermata / arresto;Conducente;M;Illeso;0;;Non accertato;
3913019;8;10/07/2018 12:15:00;Strada Urbana;VIA ALFONSO ALBERGHETTI;all'intersezione con;VIA DOMENICO BECCAFUMI;VIA DOMENICO BECCAFUMI;;;Scontro frontale/laterale DX fra veicoli in marcia;Intersezione stradale segnalata;Una carreggiata a senso unico di marcia;Asciutto;Asfaltata;Verticale;Nuvoloso;Normale;Buona;Ore Diurne;0;0;0;3;12.6243;41.8678;-1;2;Autovettura privata;In marcia / fermata / arresto;Passeggero;M;Illeso;0;;Non accertato;Inesploso
3913022;8;10/07/2018 15:10:00;Strada Urbana;VIALE PAOLO FERDINANDO QUAGLIA;in prossimità;;del civico n.;12;;Tamponamento;Rettilineo;Una carreggiata a doppio senso;Asciutto;Asfaltata;Verticale ed orizzontale;Sereno;Normale;Sufficiente;Ore Diurne;1;0;0;1;12.6392;41.8673;-1;1;Autocarro inferiore 35 q.;In marcia / fermata / arresto;Conducente;M;Illeso;0;;Non accertato;Inesploso
3913022;8;10/07/2018 15:10:00;Strada Urbana;VIALE PAOLO FERDINANDO QUAGLIA;in prossimità;;del civico n.;12;;Tamponamento;Rettilineo;Una carreggiata a doppio senso;Asciutto;Asfaltata;Verticale ed orizzontale;Sereno;Normale;Sufficiente;Ore Diurne;1;0;0;1;12.6392;41.8673;-1;2;Autovettura privata;In marcia / fermata / arresto;Conducente;F;Ricoverato;0;NON DECEDUTO;Non accertato;Inesploso
3913023;8;10/07/2018 17:20:00;;VIA DI TORRENOVA;all'intersezione con;VIA CALIMERA;VIA CALIMERA;;;Scontro frontale/laterale SX fra veicoli in marcia;;;;;;;;;;0;0;0;2;;;0;1;Autovettura privata;In marcia / fermata / arresto;Conducente;M;Illeso;0;;;
3913023;8;10/07/2018 17:20:00;;VIA DI TORRENOVA;all'intersezione con;VIA CALIMERA;VIA CALIMERA;;;Scontro frontale/laterale SX fra veicoli in marcia;;;;;;;;;;0;0;0;2;;;0;2;Autocarro inferiore 35 q.;In marcia / fermata / arresto;Conducente;M;Illeso;0;;Non accertato;
3913027;8;10/07/2018 10:45:00;;VIA DI TOR BELLA MONACA;in corrispondenza;;del civico n.;463;;Scontro laterale fra veicoli in marcia;;;;;;;;;;0;0;0;2;12.6319;41.8726;0;1;Autovettura privata;In marcia / fermata / arresto;Conducente;F;Illeso;0;;Non accertato;Inesploso
3913027;8;10/07/2018 10:45:00;;VIA DI TOR BELLA MONACA;in corrispondenza;;del civico n.;463;;Scontro laterale fra veicoli in marcia;;;;;;;;;;0;0;0;2;12.6319;41.8726;0;2;Autovettura privata;In marcia / fermata / arresto;Conducente;M;Illeso;0;;;
3913054;16;10/07/2018 09:30:00;;VIA DEGLI SCALIGERI;in corrispondenza;;del civico n.;40;;Scontro laterale fra veicoli in marcia;;;;;;;;;;0;0;0;1;12.4198;41.8682;0;1;Autovettura privata;In marcia / fermata / arresto;Conducente;M;Illeso;0;;;
3913072;1;09/07/2018 23:40:00;Strada Urbana;LUNGOTEVERE DEI SANGALLO;in corrispondenza;;del civico n.;snc;;Tamponamento;Rettilineo;Una carreggiata a senso unico di marcia;Asciutto;Asfaltata;Verticale ed orizzontale;Sereno;Intenso;Buona;Sufficiente;0;0;0;3;12.4652;41.8981;-1;1;Autovettura privata;In marcia / fermata / arresto;Conducente;M;Illeso;0;;Non accertato;
3913072;1;09/07/2018 23:40:00;Strada Urbana;LUNGOTEVERE DEI SANGALLO;in corrispondenza;;del civico n.;snc;;Tamponamento;Rettilineo;Una carreggiata a senso unico di marcia;Asciutto;Asfaltata;Verticale ed orizzontale;Sereno;Intenso;Buona;Sufficiente;0;0;0;3;12.4652;41.8981;-1;2;Autovettura privata;In marcia / fermata / arresto;Conducente;F;Illeso;0;;Non accertato;
3913072;1;09/07/2018 23:40:00;Strada Urbana;LUNGOTEVERE DEI SANGALLO;in corrispondenza;;del civico n.;snc;;Tamponamento;Rettilineo;Una carreggiata a senso unico di marcia;Asciutto;Asfaltata;Verticale ed orizzontale;Sereno;Intenso;Buona;Sufficiente;0;0;0;3;12.4652;41.8981;-1;2;Autovettura privata;In marcia / fermata / arresto;Passeggero;M;Illeso;0;;Non accertato;
3913107;2;10/07/2018 14:10:00;Strada Urbana;VIA ANTONIO BERTOLONI;in corrispondenza;;del civico n.;27;;Scontro frontale/laterale SX fra veicoli in marcia;Rettilineo;Una carreggiata a doppio senso;Asciutto;Asfaltata;Verticale ed orizzontale;Sereno;Normale;Buona;Ore Diurne;0;0;0;2;12.4876;41.9235;-1;1;Autovettura privata;In marcia / fermata / arresto;Conducente;F;Illeso;0;;Non accertato;Inesploso
3913107;2;10/07/2018 14:10:00;Strada Urbana;VIA ANTONIO BERTOLONI;in corrispondenza;;del civico n.;27;;Scontro frontale/laterale SX fra veicoli in marcia;Rettilineo;Una carreggiata a doppio senso;Asciutto;Asfaltata;Verticale ed orizzontale;Sereno;Normale;Buona;Ore Diurne;0;0;0;2;12.4876;41.9235;-1;2;Autovettura privata;In marcia / fermata / arresto;Conducente;F;Illeso;0;;Non accertato;Inesploso
3913119;1;10/07/2018 09:40:00;Strada Urbana;PIAZZA VENEZIA;in corrispondenza;;del civico n.;16;;Investimento di pedone;Rettilineo;Una carreggiata a senso unico di marcia;Asciutto;In cubetti di porfido;Verticale ed orizzontale;Sereno;Normale;Buona;Ore Diurne;1;0;0;1;12.4828;41.896;-1;;;;Pedone;M;Rimandato;0;NON DECEDUTO;;
3913119;1;10/07/2018 09:40:00;Strada Urbana;PIAZZA VENEZIA;in corrispondenza;;del civico n.;16;;Investimento di pedone;Rettilineo;Una carreggiata a senso unico di marcia;Asciutto;In cubetti di porfido;Verticale ed orizzontale;Sereno;Normale;Buona;Ore Diurne;1;0;0;1;12.4828;41.896;-1;1;Autovettura pubblica;In marcia / fermata / arresto;Conducente;M;Illeso;0;;Non accertato;Inesploso
3913138;4;11/07/2018 03:00:00;Strada Urbana;VIA NOMENTANA;da specificare;;;;prossimità fronte Via Sora Lella;Veicolo in marcia contro ostacolo fisso;Rettilineo;Una carreggiata a doppio senso;Asciutto;Asfaltata;Verticale ed orizzontale;Sereno;Scarso;Buona;Sufficiente;1;0;0;0;12.5728;41.9579;-1;1;Autovettura privata;In marcia / fermata / arresto;Conducente;F;Ricoverato;0;NON DECEDUTO;Non accertato;
3913183;1;10/07/2018 15:15:00;Strada Urbana;LARGO DI S. SUSANNA;in prossimità;;del civico n.;FC 100;;Scontro frontale/laterale DX fra veicoli in marcia;Rettilineo;Una carreggiata a senso unico di marcia;Asciutto;Asfaltata;Verticale ed orizzontale;Sereno;Normale;Buona;Ore Diurne;1;0;0;1;12.4938;41.9048;-1;1;Autovettura privata;In marcia / fermata / arresto;Conducente;M;Illeso;0;;Non accertato;
3913183;1;10/07/2018 15:15:00;Strada Urbana;LARGO DI S. SUSANNA;in prossimità;;del civico n.;FC 100;;Scontro frontale/laterale DX fra veicoli in marcia;Rettilineo;Una carreggiata a senso unico di marcia;Asciutto;Asfaltata;Verticale ed orizzontale;Sereno;Normale;Buona;Ore Diurne;1;0;0;1;12.4938;41.9048;-1;2;Motociclo a solo;In marcia / fermata / arresto;Conducente;F;Rimandato;0;NON DECEDUTO;Non accertato;
3913201;12;10/07/2018 12:50:00;Strada Urbana;VIA LAURENTINA;all'intersezione con;VIA DI TOR PAGNOTTA;VIA DI TOR PAGNOTTA;;;Ribaltamento senza urto contro ostacolo fisso;Rotatoria;Due carreggiate;Viscido da liquidi oleosi;Asfaltata;Verticale ed orizzontale;Sereno;Normale;Buona;Ore Diurne;2;0;0;0;12.4853;41.8102;-1;1;Motociclo con passeggero;In marcia / fermata / arresto;Conducente;M;Rimandato;0;NON DECEDUTO;;
3913201;12;10/07/2018 12:50:00;Strada Urbana;VIA LAURENTINA;all'intersezione con;VIA DI TOR PAGNOTTA;VIA DI TOR PAGNOTTA;;;Ribaltamento senza urto contro ostacolo fisso;Rotatoria;Due carreggiate;Viscido da liquidi oleosi;Asfaltata;Verticale ed orizzontale;Sereno;Normale;Buona;Ore Diurne;2;0;0;0;12.4853;41.8102;-1;1;Motociclo con passeggero;In marcia / fermata / arresto;Passeggero;F;Rimandato;0;NON DECEDUTO;;
3913217;1;10/07/2018 20:45:00;Strada Urbana;VIALE DI TRASTEVERE;all'intersezione con;VIA CARDINALE MERRY DEL VAL;VIA CARDINALE MERRY DEL VAL;;;Investimento di pedone;Incrocio;Una carreggiata a senso unico di marcia;Asciutto;Asfaltata;Verticale ed orizzontale;Sereno;Scarso;Buona;Sufficiente;1;0;0;0;12.4725;41.8873;-1;;;;Pedone;M;Rimandato;0;NON DECEDUTO;;
3913266;16;10/07/2018 11:00:00;Strada Urbana;PIAZZA S. GIOVANNI DI DIO;da specificare;;;;in prossimità di V. Ghislieri;Tamponamento;Rettilineo;Più di due carreggiate;Asciutto;Asfaltata;Verticale ed orizzontale;Sereno;Normale;Buona;Ore Diurne;1;0;0;1;12.4466;41.8745;-1;1;Autovettura privata;In marcia / fermata / arresto;Conducente;M;Illeso;0;;Non accertato;Inesploso
3913266;16;10/07/2018 11:00:00;Strada Urbana;PIAZZA S. GIOVANNI DI DIO;da specificare;;;;in prossimità di V. Ghislieri;Tamponamento;Rettilineo;Più di due carreggiate;Asciutto;Asfaltata;Verticale ed orizzontale;Sereno;Normale;Buona;Ore Diurne;1;0;0;1;12.4466;41.8745;-1;2;Motociclo a solo;In marcia / fermata / arresto;Conducente;F;Rimandato;0;NON DECEDUTO;Non accertato;
3913293;17;11/07/2018 11:25:00;Strada Urbana;VIA TRIONFALE;in corrispondenza;;del civico n.;72;;Tamponamento;Rettilineo;Una carreggiata a doppio senso;Asciutto;Asfaltata;Verticale ed orizzontale;Sereno;Normale;Buona;Ore Diurne;0;0;0;2;12.4525;41.9125;-1;1;Autovettura privata;In marcia / fermata / arresto;Conducente;M;Illeso;0;;;
3913293;17;11/07/2018 11:25:00;Strada Urbana;VIA TRIONFALE;in corrispondenza;;del civico n.;72;;Tamponamento;Rettilineo;Una carreggiata a doppio senso;Asciutto;Asfaltata;Verticale ed orizzontale;Sereno;Normale;Buona;Ore Diurne;0;0;0;2;12.4525;41.9125;-1;2;Autovettura privata;In marcia / fermata / arresto;Conducente;M;Illeso;0;;;
3913305;2;10/07/2018 16:30:00;Strada Urbana;VIA DEI TADOLINI;in prossimità;;del civico n.;13;;Veicolo in marcia contro veicolo in sosta;Rettilineo;Una carreggiata a senso unico di marcia;Asciutto;Asfaltata;Verticale ed orizzontale;Sereno;Scarso;Buona;Ore Diurne;0;0;0;1;12.4617;41.9281;-1;1;Autovettura privata;In marcia / fermata / arresto;Conducente;M;Illeso;0;;;
3913309;5;11/07/2018 11:40:00;Strada Urbana;VIA CAMESENA;all'intersezione con;VIA CAMESENA;VIA CAMESENA;;;Scontro frontale/laterale SX fra veicoli in marcia;Incrocio;Due carreggiate;Asciutto;Asfaltata;Verticale ed orizzontale;Sereno;Normale;Buona;Ore Diurne;1;0;0;1;12.5344;41.9091;-1;1;Autovettura privata;In marcia / fermata / arresto;Conducente;F;Illeso;0;;Non accertato;Inesploso
3913309;5;11/07/2018 11:40:00;Strada Urbana;VIA CAMESENA;all'intersezione con;VIA CAMESENA;VIA CAMESENA;;;Scontro frontale/laterale SX fra veicoli in marcia;Incrocio;Due carreggiate;Asciutto;Asfaltata;Verticale ed orizzontale;Sereno;Normale;Buona;Ore Diurne;1;0;0;1;12.5344;41.9091;-1;2;Motociclo a solo;In marcia / fermata / arresto;Conducente;F;Ricoverato;0;NON DECEDUTO;Non accertato;
3913311;16;10/07/2018 16:05:00;Strada Urbana;VIA GIACOMO CORRADI;all'intersezione con;VIA FERDINANDO PALASCIANO;VIA FERDINANDO PALASCIANO;;;Scontro laterale fra veicoli in marcia;Incrocio;Una carreggiata a senso unico di marcia;Asciutto;Asfaltata;Verticale;Sereno;Scarso;Buona;Ore Diurne;0;0;0;2;12.4479;41.873;-1;1;Autovettura privata;In marcia / fermata / arresto;Conducente;F;Illeso;0;;Non accertato;Inesploso
3913311;16;10/07/2018 16:05:00;Strada Urbana;VIA GIACOMO CORRADI;all'intersezione con;VIA FERDINANDO PALASCIANO;VIA FERDINANDO PALASCIANO;;;Scontro laterale fra veicoli in marcia;Incrocio;Una carreggiata a senso unico di marcia;Asciutto;Asfaltata;Verticale;Sereno;Scarso;Buona;Ore Diurne;0;0;0;2;12.4479;41.873;-1;2;Autovettura privata;In marcia / fermata / arresto;Conducente;M;Illeso;0;;Non accertato;Inesploso
3913315;2;11/07/2018 01:00:00;Strada Urbana;CORSO D'ITALIA;in prossimità;;del civico n.;37;;Ribaltamento senza urto contro ostacolo fisso;Rettilineo;Una carreggiata a senso unico di marcia;Asciutto;Asfaltata;Verticale ed orizzontale;Sereno;Scarso;Buona;Sufficiente;1;0;0;0;12.4952;41.9112;-1;1;Motociclo a solo;In marcia / fermata / arresto;Conducente;M;Rimandato;0;NON DECEDUTO;Non accertato;
3913386;4;10/07/2018 22:15:00;Strada Urbana;VIA VAL D'OSSOLA;all'intersezione con;VIA VALDINIEVOLE;VIA VALDINIEVOLE;;;Scontro laterale fra veicoli in marcia;Incrocio;Due carreggiate;Asciutto;Asfaltata;Verticale ed orizzontale;Sereno;Scarso;Buona;Sufficiente;0;0;0;3;12.5287;41.9352;-1;1;Autovettura privata;In marcia / fermata / arresto;Conducente;F;Illeso;0;;;
3913386;4;10/07/2018 22:15:00;Strada Urbana;VIA VAL D'OSSOLA;all'intersezione con;VIA VALDINIEVOLE;VIA VALDINIEVOLE;;;Scontro laterale fra veicoli in marcia;Incrocio;Due carreggiate;Asciutto;Asfaltata;Verticale ed orizzontale;Sereno;Scarso;Buona;Sufficiente;0;0;0;3;12.5287;41.9352;-1;1;Autovettura privata;In marcia / fermata / arresto;Passeggero;F;Illeso;0;;;
3913386;4;10/07/2018 22:15:00;Strada Urbana;VIA VAL D'OSSOLA;all'intersezione con;VIA VALDINIEVOLE;VIA VALDINIEVOLE;;;Scontro laterale fra veicoli in marcia;Incrocio;Due carreggiate;Asciutto;Asfaltata;Verticale ed orizzontale;Sereno;Scarso;Buona;Sufficiente;0;0;0;3;12.5287;41.9352;-1;2;Autovettura privata;In marcia / fermata / arresto;Conducente;M;Illeso;0;;;
3913392;15;11/07/2018 07:45:00;Strada Urbana;VIA GUARENE;in corrispondenza;;del civico n.;65;;Scontro frontale/laterale DX fra veicoli in marcia;Rettilineo;Una carreggiata a doppio senso;Asciutto;Asfaltata;Assente;Sereno;Scarso;Buona;Ore Diurne;2;0;0;0;12.3189;41.8177;-1;1;Autovettura privata;In marcia / fermata / arresto;Conducente;M;Rimandato;0;NON DECEDUTO;Utilizzato;Esploso
3913392;15;11/07/2018 07:45:00;Strada Urbana;VIA GUARENE;in corrispondenza;;del civico n.;65;;Scontro frontale/laterale DX fra veicoli in marcia;Rettilineo;Una carreggiata a doppio senso;Asciutto;Asfaltata;Assente;Sereno;Scarso;Buona;Ore Diurne;2;0;0;0;12.3189;41.8177;-1;2;Autovettura privata;In marcia / fermata / arresto;Conducente;M;Rimandato;0;NON DECEDUTO;Utilizzato;Inesploso
3913395;7;11/07/2018 13:45:00;Strada Urbana;VIA MOLFETTA;all'intersezione con;VIALE ALESSANDRINO;VIALE ALESSANDRINO;;;Scontro frontale fra veicoli in marcia;Incrocio;Due carreggiate;Asciutto;Asfaltata;Verticale ed orizzontale;Sereno;Scarso;Buona;Ore Diurne;0;0;0;2;12.5763;41.89;-1;1;Autovettura privata;In marcia / fermata / arresto;Conducente;M;Illeso;0;;;
3913395;7;11/07/2018 13:45:00;Strada Urbana;VIA MOLFETTA;all'intersezione con;VIALE ALESSANDRINO;VIALE ALESSANDRINO;;;Scontro frontale fra veicoli in marcia;Incrocio;Due carreggiate;Asciutto;Asfaltata;Verticale ed orizzontale;Sereno;Scarso;Buona;Ore Diurne;0;0;0;2;12.5763;41.89;-1;2;Autovettura privata;In marcia / fermata / arresto;Conducente;M;Illeso;0;;Non accertato;Inesploso
3913456;12;11/07/2018 13:15:00;Strada Urbana;PIAZZALE CINA;in prossimità;;del palo luce n.;1;;Scontro frontale/laterale DX fra veicoli in marcia;Pendenza;Una carreggiata a senso unico di marcia;Asciutto;Strada pavimentata dissestata;Assente;Sereno;Scarso;Buona;Ore Diurne;0;0;0;2;12.4326;41.8076;-1;1;Autovettura privata;In marcia / fermata / arresto;Conducente;M;Illeso;0;;Non accertato;Inesploso
3913456;12;11/07/2018 13:15:00;Strada Urbana;PIAZZALE CINA;in prossimità;;del palo luce n.;1;;Scontro frontale/laterale DX fra veicoli in marcia;Pendenza;Una carreggiata a senso unico di marcia;Asciutto;Strada pavimentata dissestata;Assente;Sereno;Scarso;Buona;Ore Diurne;0;0;0;2;12.4326;41.8076;-1;2;Autovettura privata;In marcia / fermata / arresto;Conducente;M;Illeso;0;;Non accertato;Inesploso
3913497;19;11/07/2018 14:15:00;Strada Urbana;VIA DI TORREVECCHIA;all'intersezione con;VIA SIMONE MOSCA;VIA SIMONE MOSCA;;;Scontro frontale/laterale SX fra veicoli in marcia;Intersezione stradale segnalata;Una carreggiata a doppio senso;Asciutto;Asfaltata;Verticale ed orizzontale;Sereno;Normale;Buona;Ore Diurne;0;0;0;3;12.4122;41.9233;-1;1;Autocarro inferiore 35 q.;In marcia / fermata / arresto;Conducente;M;Illeso;0;;Non accertato;Inesploso
3913497;19;11/07/2018 14:15:00;Strada Urbana;VIA DI TORREVECCHIA;all'intersezione con;VIA SIMONE MOSCA;VIA SIMONE MOSCA;;;Scontro frontale/laterale SX fra veicoli in marcia;Intersezione stradale segnalata;Una carreggiata a doppio senso;Asciutto;Asfaltata;Verticale ed orizzontale;Sereno;Normale;Buona;Ore Diurne;0;0;0;3;12.4122;41.9233;-1;1;Autocarro inferiore 35 q.;In marcia / fermata / arresto;Passeggero;M;Illeso;0;;Non accertato;Inesploso