Protocollo;Gruppo;DataOraIncidente;Localizzazione1;STRADA1;Localizzazione2;STRADA2;Strada02;Chilometrica;DaSpecificare;NaturaIncidente;particolaritastrade;TipoStrada;FondoStradale;Pavimentazione;Segnaletica;CondizioneAtmosferica;Traffico;Visibilita;Illuminazione;NUM_FERITI;NUM_RISERVATA;NUM_MORTI;NUM_ILLESI;Longitudine;Latitudine;Confermato;Progressivo;TipoVeicolo;StatoVeicolo;TipoPersona;Sesso;Tipolesione;Deceduto;DecedutoDopo;CinturaCascoUtilizzato;Airbag;
3919344;5;15/07/2018 09:00:00;Strada Urbana;VIA GIOVANNI ZANARDINI;in prossimità;;del civico n.;113;;Tamponamento;Rettilineo;Una carreggiata a senso unico di marcia;Asciutto;Asfaltata;Assente;Sereno;Scarso;Buona;Ore Diurne;0;0;0;2;12.5526;41.9363;-1;2;Autovettura privata;In marcia / fermata / arresto;Conducente;M;Illeso;0;;Non accertato;Inesploso
3919345;15;13/07/2018 07:15:00;Strada Urbana;VIA DELLA MAGLIANA;da specificare;;;;altezza Viadotto della Magliana;Scontro laterale fra veicoli in marcia;Rettilineo;Una carreggiata a senso unico di marcia;Bagnato (pioggia);Asfaltata;Verticale ed orizzontale;Sereno;Intenso;Buona;Ore Diurne;1;0;0;1;12.4196;41.8317;-1;1;Autocarro inferiore 35 q.;In marcia / fermata / arresto;Conducente;M;Illeso;0;;Utilizzato;Inesploso
3919345;15;13/07/2018 07:15:00;Strada Urbana;VIA DELLA MAGLIANA;da specificare;;;;altezza Viadotto della Magliana;Scontro laterale fra veicoli in marcia;Rettilineo;Una carreggiata a senso unico di marcia;Bagnato (pioggia);Asfaltata;Verticale ed orizzontale;Sereno;Intenso;Buona;Ore Diurne;1;0;0;1;12.4196;41.8317;-1;2;Autovettura privata;In marcia / fermata / arresto;Conducente;F;Rimandato;0;NON DECEDUTO;Utilizzato;Inesploso
3919346;9;16/07/2018 00:30:00;Strada Urbana;PIAZZA DI PONTE LUNGO;in corrispondenza;;del civico n.;26;;Scontro laterale fra veicoli in marcia;Rettilineo;Più di due carreggiate;Asciutto;Asfaltata;Verticale ed orizzontale;Sereno;Scarso;Buona;Sufficiente;0;0;0;3;12.519;41.8781;-1;1;Autovettura privata;In marcia / fermata / arresto;Conducente;M;Illeso;0;;Non accertato;Inesploso
3919346;9;16/07/2018 00:30:00;Strada Urbana;PIAZZA DI PONTE LUNGO;in corrispondenza;;del civico n.;26;;Scontro laterale fra veicoli in marcia;Rettilineo;Più di due carreggiate;Asciutto;Asfaltata;Verticale ed orizzontale;Sereno;Scarso;Buona;Sufficiente;0;0;0;3;12.519;41.8781;-1;1;Autovettura privata;In marcia / fermata / arresto;Passeggero;M;Illeso;0;;Non accertato;Inesploso
3919346;9;16/07/2018 00:30:00;Strada Urbana;PIAZZA DI PONTE LUNGO;in corrispondenza;;del civico n.;26;;Scontro laterale fra veicoli in marcia;Rettilineo;Più di due carreggiate;Asciutto;Asfaltata;Verticale ed orizzontale;Sereno;Scarso;Buona;Sufficiente;0;0;0;3;12.519;41.8781;-1;2;Autovettura privata;In marcia / fermata / arresto;Conducente;M;Illeso;0;;Non accertato;Inesploso
3919348;5;15/07/2018 11:15:00;Strada Urbana;PIAZZA DI S. MARIA CONSOLATRICE;da specificare;;;;fronte civico 6;Scontro laterale fra veicoli in marcia;Rettilineo;Due carreggiate;Asciutto;Asfaltata;Orizzontale;Sereno;Scarso;Buona;Ore Diurne;1;0;0;1;12.5354;41.8979;-1;1;Autovettura privata;In marcia / fermata / arresto;Conducente;M;Illeso;0;;Utilizzato;Inesploso
3919348;5;15/07/2018 11:15:00;Strada Urbana;PIAZZA DI S. MARIA CONSOLATRICE;da specificare;;;;fronte civico 6;Scontro laterale fra veicoli in marcia;Rettilineo;Due carreggiate;Asciutto;Asfaltata;Orizzontale;Sereno;Scarso;Buona;Ore Diurne;1;0;0;1;12.5354;41.8979;-1;2;Velocipede;In marcia / fermata / arresto;Conducente;M;Rimandato;0;NON DECEDUTO;Esente;
3919355;20;15/07/2018 00:45:00;Provinciale entro l'abitato;VIA BRACCIANENSE;da specificare;;;;angolo via Angelo Signorelli;Fuoriuscita dalla sede stradale;Rettilineo;Una carreggiata a doppio senso;Asciutto;Asfaltata;Orizzontale;Sereno;Scarso;Insufficiente;Inesistente;0;0;0;3;12.3654;42.0132;-1;1;Autovettura privata;In marcia / fermata / arresto;Conducente;M;Illeso;0;;Non accertato;
3919355;20;15/07/2018 00:45:00;Provinciale entro l'abitato;VIA BRACCIANENSE;da specificare;;;;angolo via Angelo Signorelli;Fuoriuscita dalla sede stradale;Rettilineo;Una carreggiata a doppio senso;Asciutto;Asfaltata;Orizzontale;Sereno;Scarso;Insufficiente;Inesistente;0;0;0;3;12.3654;42.0132;-1;1;Autovettura privata;In marcia / fermata / arresto;Passeggero;M;Illeso;0;;Non accertato;
3919355;20;15/07/2018 00:45:00;Provinciale entro l'abitato;VIA BRACCIANENSE;da specificare;;;;angolo via Angelo Signorelli;Fuoriuscita dalla sede stradale;Rettilineo;Una carreggiata a doppio senso;Asciutto;Asfaltata;Orizzontale;Sereno;Scarso;Insufficiente;Inesistente;0;0;0;3;12.3654;42.0132;-1;1;Autovettura privata;In marcia / fermata / arresto;Passeggero;M;Illeso;0;;Non accertato;
3919360;5;15/07/2018 16:40:00;Strada Urbana;VIA GIUSEPPE ANTONIO ANDRIULLI;da specificare;;;;alt. svincolo inversione dir. VIA TIBURTINA;Scontro laterale fra veicoli in marcia;Rettilineo;Due carreggiate;Asciutto;Asfaltata;Verticale ed orizzontale;Sereno;Normale;Buona;Ore Diurne;2;0;0;3;12.5572;41.9018;-1;1;Autovettura privata;In marcia / fermata / arresto;Conducente;M;Illeso;0;;Non accertato;Inesistente
3919360;5;15/07/2018 16:40:00;Strada Urbana;VIA GIUSEPPE ANTONIO ANDRIULLI;da specificare;;;;alt. svincolo inversione dir. VIA TIBURTINA;Scontro laterale fra veicoli in marcia;Rettilineo;Due carreggiate;Asciutto;Asfaltata;Verticale ed orizzontale;Sereno;Normale;Buona;Ore Diurne;2;0;0;3;12.5572;41.9018;-1;1;Autovettura privata;In marcia / fermata / arresto;Passeggero;M;Illeso;0;;Non accertato;Inesploso
3919360;5;15/07/2018 16:40:00;Strada Urbana;VIA GIUSEPPE ANTONIO ANDRIULLI;da specificare;;;;alt. svincolo inversione dir. VIA TIBURTINA;Scontro laterale fra veicoli in marcia;Rettilineo;Due carreggiate;Asciutto;Asfaltata;Verticale ed orizzontale;Sereno;Normale;Buona;Ore Diurne;2;0;0;3;12.5572;41.9018;-1;1;Autovettura privata;In marcia / fermata / arresto;Passeggero;F;Rimandato;0;NON DECEDUTO;Non accertato;Inesistente
3919360;5;15/07/2018 16:40:00;Strada Urbana;VIA GIUSEPPE ANTONIO ANDRIULLI;da specificare;;;;alt. svincolo inversione dir. VIA TIBURTINA;Scontro laterale fra veicoli in marcia;Rettilineo;Due carreggiate;Asciutto;Asfaltata;Verticale ed orizzontale;Sereno;Normale;Buona;Ore Diurne;2;0;0;3;12.5572;41.9018;-1;1;Autovettura privata;In marcia / fermata / arresto;Passeggero;F;Rimandato;0;NON DECEDUTO;Non accertato;Inesistente
3919360;5;15/07/2018 16:40:00;Strada Urbana;VIA GIUSEPPE ANTONIO ANDRIULLI;da specificare;;;;alt. svincolo inversione dir. VIA TIBURTINA;Scontro laterale fra veicoli in marcia;Rettilineo;Due carreggiate;Asciutto;Asfaltata;Verticale ed orizzontale;Sereno;Normale;Buona;Ore Diurne;2;0;0;3;12.5572;41.9018;-1;2;Autovettura privata;In marcia / fermata / arresto;Conducente;M;Illeso;0;;Non accertato;Inesistente
3919369;7;13/07/2018 16:40:00;Strada Urbana;VIA DI TOR TRE TESTE;all'intersezione con;VIA DI CASA CALDA;VIA DI CASA CALDA;;;Veicolo in marcia contro veicolo arresto;Incrocio;Una carreggiata a doppio senso;Asciutto;Asfaltata;Verticale ed orizzontale;Sereno;Normale;Buona;Ore Diurne;0;0;0;2;12.5866;41.8731;-1;1;Autovettura privata;In marcia / fermata / arresto;Conducente;F;Illeso;0;;Non accertato;Inesploso
3919369;7;13/07/2018 16:40:00;Strada Urbana;VIA DI TOR TRE TESTE;all'intersezione con;VIA DI CASA CALDA;VIA DI CASA CALDA;;;Veicolo in marcia contro veicolo arresto;Incrocio;Una carreggiata a doppio senso;Asciutto;Asfaltata;Verticale ed orizzontale;Sereno;Normale;Buona;Ore Diurne;0;0;0;2;12.5866;41.8731;-1;2;Autovettura privata;In marcia / fermata / arresto;Conducente;M;Illeso;0;;Non accertato;Inesploso
3919371;9;15/07/2018 16:00:00;Strada Urbana;VIA APPIA NUOVA;da specificare;;;;ANGOLO DON ORIONE;Scontro frontale/laterale SX fra veicoli in marcia;Rettilineo;Due carreggiate;Asciutto;Asfaltata;Verticale ed orizzontale;Sereno;Scarso;Buona;Ore Diurne;1;0;0;2;12.5599;41.8264;-1;1;Autovettura privata;In marcia / fermata / arresto;Conducente;M;Illeso;0;;Non accertato;Inesploso
3919371;9;15/07/2018 16:00:00;Strada Urbana;VIA APPIA NUOVA;da specificare;;;;ANGOLO DON ORIONE;Scontro frontale/laterale SX fra veicoli in marcia;Rettilineo;Due carreggiate;Asciutto;Asfaltata;Verticale ed orizzontale;Sereno;Scarso;Buona;Ore Diurne;1;0;0;2;12.5599;41.8264;-1;1;Autovettura privata;In marcia / fermata / arresto;Passeggero;F;Illeso;0;;Non accertato;Inesploso
3919371;9;15/07/2018 16:00:00;Strada Urbana;VIA APPIA NUOVA;da specificare;;;;ANGOLO DON ORIONE;Scontro frontale/laterale SX fra veicoli in marcia;Rettilineo;Due carreggiate;Asciutto;Asfaltata;Verticale ed orizzontale;Sereno;Scarso;Buona;Ore Diurne;1;0;0;2;12.5599;41.8264;-1;2;Autovettura privata;In marcia / fermata / arresto;Conducente;F;Rimandato;0;NON DECEDUTO;Non accertato;Inesploso
3919377;11;14/07/2018 11:30:00;Strada Urbana;VIA DI VIGNA MURATA;da specificare;;;;100mt dopo il civico 177;Infortunio per sola frenata improvvisa;Rettilineo;Una carreggiata a senso unico di marcia;Asciutto;Asfaltata;Verticale ed orizzontale;Sereno;Normale;Buona;Ore Diurne;1;0;0;0;12.4959;41.8269;-1;1;Motociclo con passeggero;In marcia / fermata / arresto;Conducente;M;Rimandato;0;NON DECEDUTO;Non accertato;
3919381;1;13/07/2018 22:10:00;Strada Urbana;VIA CALABRIA;in corrispondenza;;del civico n.;37/A;;Scontro laterale fra veicoli in marcia;Rettilineo;Una carreggiata a senso unico di marcia;Asciutto;Asfaltata;Assente;Sereno;Normale;Buona;Sufficiente;0;0;0;8;12.497;41.9095;0;1;Autovettura privata;In marcia / fermata / arresto;Conducente;M;Illeso;0;;Non accertato;
3919381;1;13/07/2018 22:10:00;Strada Urbana;VIA CALABRIA;in corrispondenza;;del civico n.;37/A;;Scontro laterale fra veicoli in marcia;Rettilineo;Una carreggiata a senso unico di marcia;Asciutto;Asfaltata;Assente;Sereno;Normale;Buona;Sufficiente;0;0;0;8;12.497;41.9095;0;1;Autovettura privata;In marcia / fermata / arresto;Passeggero;M;Illeso;0;;Non accertato;
3919381;1;13/07/2018 22:10:00;Strada Urbana;VIA CALABRIA;in corrispondenza;;del civico n.;37/A;;Scontro laterale fra veicoli in marcia;Rettilineo;Una carreggiata a senso unico di marcia;Asciutto;Asfaltata;Assente;Sereno;Normale;Buona;Sufficiente;0;0;0;8;12.497;41.9095;0;1;Autovettura privata;In marcia / fermata / arresto;Passeggero;M;Illeso;0;;Non accertato;
3919381;1;13/07/2018 22:10:00;Strada Urbana;VIA CALABRIA;in corrispondenza;;del civico n.;37/A;;Scontro laterale fra veicoli in marcia;Rettilineo;Una carreggiata a senso unico di marcia;Asciutto;Asfaltata;Assente;Sereno;Normale;Buona;Sufficiente;0;0;0;8;12.497;41.9095;0;1;Autovettura privata;In marcia / fermata / arresto;Passeggero;M;Illeso;0;;Non accertato;
3919381;1;13/07/2018 22:10:00;Strada Urbana;VIA CALABRIA;in corrispondenza;;del civico n.;37/A;;Scontro laterale fra veicoli in marcia;Rettilineo;Una carreggiata a senso unico di marcia;Asciutto;Asfaltata;Assente;Sereno;Normale;Buona;Sufficiente;0;0;0;8;12.497;41.9095;0;1;Autovettura privata;In marcia / fermata / arresto;Passeggero;F;Illeso;0;;Non accertato;
3919381;1;13/07/2018 22:10:00;Strada Urbana;VIA CALABRIA;in corrispondenza;;del civico n.;37/A;;Scontro laterale fra veicoli in marcia;Rettilineo;Una carreggiata a senso unico di marcia;Asciutto;Asfaltata;Assente;Sereno;Normale;Buona;Sufficiente;0;0;0;8;12.497;41.9095;0;2;Autovettura privata;In marcia / fermata / arresto;Conducente;M;Illeso;0;;Non accertato;
3919381;1;13/07/2018 22:10:00;Strada Urbana;VIA CALABRIA;in corrispondenza;;del civico n.;37/A;;Scontro laterale fra veicoli in marcia;Rettilineo;Una carreggiata a senso unico di marcia;Asciutto;Asfaltata;Assente;Sereno;Normale;Buona;Sufficiente;0;0;0;8;12.497;41.9095;0;2;Autovettura privata;In marcia / fermata / arresto;Passeggero;F;Illeso;0;;Non accertato;
3919381;1;13/07/2018 22:10:00;Strada Urbana;VIA CALABRIA;in corrispondenza;;del civico n.;37/A;;Scontro laterale fra veicoli in marcia;Rettilineo;Una carreggiata a senso unico di marcia;Asciutto;Asfaltata;Assente;Sereno;Normale;Buona;Sufficiente;0;0;0;8;12.497;41.9095;0;2;Autovettura privata;In marcia / fermata / arresto;Passeggero;F;Illeso;0;;Non accertato;
3919383;4;14/07/2018 03:00:00;Strada Urbana;VIA DELLA MARCIGLIANA;in prossimità;;del civico n.;697;;Veicolo in marcia contro ostacolo fisso;Curva senza visuale libera;Una carreggiata a doppio senso;Asciutto;Asfaltata;Assente;Sereno;Scarso;Insufficiente;Insufficiente;2;0;0;0;12.5437;41.9932;-1;1;Autovettura privata;In marcia / fermata / arresto;Conducente;F;Rimandato;0;NON DECEDUTO;;
3919383;4;14/07/2018 03:00:00;Strada Urbana;VIA DELLA MARCIGLIANA;in prossimità;;del civico n.;697;;Veicolo in marcia contro ostacolo fisso;Curva senza visuale libera;Una carreggiata a doppio senso;Asciutto;Asfaltata;Assente;Sereno;Scarso;Insufficiente;Insufficiente;2;0;0;0;12.5437;41.9932;-1;1;Autovettura privata;In marcia / fermata / arresto;Passeggero;M;Rimandato;0;NON DECEDUTO;Non accertato;Inesploso
3919392;7;13/07/2018 18:35:00;Strada Urbana;VIA COLLATINA;in corrispondenza;;del civico n.;437;;Scontro laterale fra veicoli in marcia;Rettilineo;Una carreggiata a doppio senso;Asciutto;Asfaltata;Verticale ed orizzontale;Sereno;Normale;Buona;Ore Diurne;0;0;0;2;12.6095;41.9051;-1;1;Motociclo con passeggero;In marcia / fermata / arresto;Conducente;M;Illeso;0;;Non accertato;
3919392;7;13/07/2018 18:35:00;Strada Urbana;VIA COLLATINA;in corrispondenza;;del civico n.;437;;Scontro laterale fra veicoli in marcia;Rettilineo;Una carreggiata a doppio senso;Asciutto;Asfaltata;Verticale ed orizzontale;Sereno;Normale;Buona;Ore Diurne;0;0;0;2;12.6095;41.9051;-1;2;Autovettura privata;In marcia / fermata / arresto;Conducente;M;Illeso;0;;Non accertato;Inesploso
3919394;11;15/07/2018 22:00:00;Strada Urbana;VIA DI GROTTA PERFETTA;all'intersezione semaforizzata con;VIALE PICO DELLA MIRANDOLA;VIALE PICO DELLA MIRANDOLA;;;Scontro frontale/laterale SX fra veicoli in marcia;Incrocio;Due carreggiate;Asciutto;Asfaltata;Verticale ed orizzontale;Sereno;Normale;Buona;Sufficiente;1;0;0;1;12.4878;41.8475;-1;1;Autovettura privata;In marcia / fermata / arresto;Conducente;M;Illeso;0;;;
3919394;11;15/07/2018 22:00:00;Strada Urbana;VIA DI GROTTA PERFETTA;all'intersezione semaforizzata con;VIALE PICO DELLA MIRANDOLA;VIALE PICO DELLA MIRANDOLA;;;Scontro frontale/laterale SX fra veicoli in marcia;Incrocio;Due carreggiate;Asciutto;Asfaltata;Verticale ed orizzontale;Sereno;Normale;Buona;Sufficiente;1;0;0;1;12.4878;41.8475;-1;2;Motociclo a solo;In marcia / fermata / arresto;Conducente;M;Rimandato;0;NON DECEDUTO;;
3919399;20;15/07/2018 06:40:00;Strada Urbana;VIA CASSIA;all'intersezione semaforizzata con;VIA DI GROTTAROSSA;VIA DI GROTTAROSSA;;;Tamponamento;Intersezione semaforizzata;Una carreggiata a doppio senso;Asciutto;Asfaltata;Verticale ed orizzontale;Sereno;Scarso;Buona;Ore Diurne;1;0;0;1;12.4132;41.9829;-1;1;Autovettura privata;In marcia / fermata / arresto;Conducente;F;Illeso;0;;Non accertato;
3919399;20;15/07/2018 06:40:00;Strada Urbana;VIA CASSIA;all'intersezione semaforizzata con;VIA DI GROTTAROSSA;VIA DI GROTTAROSSA;;;Tamponamento;Intersezione semaforizzata;Una carreggiata a doppio senso;Asciutto;Asfaltata;Verticale ed orizzontale;Sereno;Scarso;Buona;Ore Diurne;1;0;0;1;12.4132;41.9829;-1;2;Autovettura privata;In marcia / fermata / arresto;Conducente;M;Ricoverato;0;NON DECEDUTO;;
3919402;15;13/07/2018 18:30:00;Strada Urbana;VIA AVICENNA;all'intersezione con;VIA GUIDO CASTELNUOVO;VIA GUIDO CASTELNUOVO;;;Scontro laterale fra veicoli in marcia;Incrocio;Una carreggiata a senso unico di marcia;Asciutto;Asfaltata;Orizzontale;Sereno;Normale;Buona;Ore Diurne;0;0;0;2;12.4721;41.863;-1;1;Autovettura privata;In marcia / fermata / arresto;Conducente;M;Illeso;0;;Non accertato;Inesploso
3919402;15;13/07/2018 18:30:00;Strada Urbana;VIA AVICENNA;all'intersezione con;VIA GUIDO CASTELNUOVO;VIA GUIDO CASTELNUOVO;;;Scontro laterale fra veicoli in marcia;Incrocio;Una carreggiata a senso unico di marcia;Asciutto;Asfaltata;Orizzontale;Sereno;Normale;Buona;Ore Diurne;0;0;0;2;12.4721;41.863;-1;2;Autovettura privata;In marcia / fermata / arresto;Conducente;M;Illeso;0;;Non accertato;Inesploso
3919403;15;13/07/2018 16:40:00;Strada Urbana;LUNGOTEVERE DI PIETRA PAPA;da specificare;;;;fronte civico, 95;Scontro frontale/laterale SX fra veicoli in marcia;Rettilineo;Due carreggiate;Asciutto;Asfaltata;Assente;Sereno;Normale;Buona;Ore Diurne;0;0;0;3;12.4743;41.8629;-1;1;Autovettura privata;In marcia / fermata / arresto;Conducente;M;Illeso;0;;Non accertato;Inesploso
3919403;15;13/07/2018 16:40:00;Strada Urbana;LUNGOTEVERE DI PIETRA PAPA;da specificare;;;;fronte civico, 95;Scontro frontale/laterale SX fra veicoli in marcia;Rettilineo;Due carreggiate;Asciutto;Asfaltata;Assente;Sereno;Normale;Buona;Ore Diurne;0;0;0;3;12.4743;41.8629;-1;1;Autovettura privata;In marcia / fermata / arresto;Passeggero;F;Illeso;0;;;Inesploso
3919403;15;13/07/2018 16:40:00;Strada Urbana;LUNGOTEVERE DI PIETRA PAPA;da specificare;;;;fronte civico, 95;Scontro frontale/laterale SX fra veicoli in marcia;Rettilineo;Due carreggiate;Asciutto;Asfaltata;Assente;Sereno;Normale;Buona;Ore Diurne;0;0;0;3;12.4743;41.8629;-1;2;Motociclo a solo;In marcia / fermata / arresto;Conducente;M;Illeso;0;;Non accertato;
3919405;10;14/07/2018 21:00:00;Strada Urbana;VIA TUSCOLANA;in prossimità;;del civico n.;664;;Veicolo in marcia contro ostacolo accidentale;Rettilineo;Due carreggiate;Asciutto;Asfaltata;Verticale;Sereno;Scarso;Buona;Sufficiente;0;0;0;2;12.5403;41.8674;-1;1;Autovettura privata;In marcia / fermata / arresto;Conducente;F;Illeso;0;;Non accertato;Inesploso
3919405;10;14/07/2018 21:00:00;Strada Urbana;VIA TUSCOLANA;in prossimità;;del civico n.;664;;Veicolo in marcia contro ostacolo accidentale;Rettilineo;Due carreggiate;Asciutto;Asfaltata;Verticale;Sereno;Scarso;Buona;Sufficiente;0;0;0;2;12.5403;41.8674;-1;1;Autovettura privata;In marcia / fermata / arresto;Passeggero;M;Illeso;0;;Non accertato;Inesploso
3919406;10;14/07/2018 21:10:00;Strada Urbana;VIA DI CASAL MORENA;in corrispondenza;;del civico n.;55;;Veicolo in marcia contro ostacolo accidentale;Rettilineo;Una carreggiata a doppio senso;Asciutto;Asfaltata;Assente;Sereno;Scarso;Buona;Insufficiente;0;0;0;2;12.618;41.8267;-1;1;Autovettura privata;In marcia / fermata / arresto;Conducente;M;Illeso;0;;Non accertato;Inesploso
3919406;10;14/07/2018 21:10:00;Strada Urbana;VIA DI CASAL MORENA;in corrispondenza;;del civico n.;55;;Veicolo in marcia contro ostacolo accidentale;Rettilineo;Una carreggiata a doppio senso;Asciutto;Asfaltata;Assente;Sereno;Scarso;Buona;Insufficiente;0;0;0;2;12.618;41.8267;-1;1;Autovettura privata;In marcia / fermata / arresto;Passeggero;F;Illeso;0;;Non accertato;Inesploso
3919413;1;15/07/2018 15:20:00;Strada Urbana;VIA EMANUELE FILIBERTO;in corrispondenza;;del civico n.;56;;Veicolo in marcia contro veicoli in sosta;Rettilineo;Una carreggiata a doppio senso;Asciutto;Asfaltata;Verticale ed orizzontale;Sereno;Scarso;Buona;Ore Diurne;0;0;0;2;12.5061;41.892;-1;1;Autovettura privata;In marcia / fermata / arresto;Conducente;M;Illeso;0;;Non accertato;Inesploso
3919413;1;15/07/2018 15:20:00;Strada Urbana;VIA EMANUELE FILIBERTO;in corrispondenza;;del civico n.;56;;Veicolo in marcia contro veicoli in sosta;Rettilineo;Una carreggiata a doppio senso;Asciutto;Asfaltata;Verticale ed orizzontale;Sereno;Scarso;Buona;Ore Diurne;0;0;0;2;12.5061;41.892;-1;3;Autovettura privata;In marcia / fermata / arresto;Conducente;F;Illeso;0;;Non accertato;
3919415;11;15/07/2018 16:00:00;Strada Urbana;VIA ARDEATINA;in prossimità;;del palo luce n.;305;;Tamponamento;Rettilineo;Una carreggiata a senso unico di marcia;Asciutto;Asfaltata;Verticale ed orizzontale;Sereno;Scarso;Buona;Ore Diurne;0;0;0;2;;;0;1;Autovettura privata;In marcia / fermata / arresto;Conducente;M;Illeso;0;;Non accertato;
3919415;11;15/07/2018 16:00:00;Strada Urbana;VIA ARDEATINA;in prossimità;;del palo luce n.;305;;Tamponamento;Rettilineo;Una carreggiata a senso unico di marcia;Asciutto;Asfaltata;Verticale ed orizzontale;Sereno;Scarso;Buona;Ore Diurne;0;0;0;2;;;0;2;Autovettura privata;In marcia / fermata / arresto;Conducente;M;Illeso;0;;Non accertato;
3919416;11;15/07/2018 00:45:00;Strada Urbana;VIALE GUGLIELMO MARCONI;all'intersezione con;VIA TEMISTOCLE CALZECCHI ONESTI;VIA TEMISTOCLE CALZECCHI ONESTI;;;Scontro frontale/laterale DX fra veicoli in marcia;Intersezione semaforizzata;Due carreggiate;Asciutto;Asfaltata;Verticale ed orizzontale;Sereno;Scarso;Buona;Sufficiente;3;0;0;1;12.4714;41.8573;-1;1;Autovettura privata;In marcia / fermata / arresto;Conducente;M;Rifiuta cure immediate;0;NON DECEDUTO;;
3919416;11;15/07/2018 00:45:00;Strada Urbana;VIALE GUGLIELMO MARCONI;all'intersezione con;VIA TEMISTOCLE CALZECCHI ONESTI;VIA TEMISTOCLE CALZECCHI ONESTI;;;Scontro frontale/laterale DX fra veicoli in marcia;Intersezione semaforizzata;Due carreggiate;Asciutto;Asfaltata;Verticale ed orizzontale;Sereno;Scarso;Buona;Sufficiente;3;0;0;1;12.4714;41.8573;-1;1;Autovettura privata;In marcia / fermata / arresto;Passeggero;M;Rimandato;0;NON DECEDUTO;;
3919416;11;15/07/2018 00:45:00;Strada Urbana;VIALE GUGLIELMO MARCONI;all'intersezione con;VIA TEMISTOCLE CALZECCHI ONESTI;VIA TEMISTOCLE CALZECCHI ONESTI;;;Scontro frontale/laterale DX fra veicoli in marcia;Intersezione semaforizzata;Due carreggiate;Asciutto;Asfaltata;Verticale ed orizzontale;Sereno;Scarso;Buona;Sufficiente;3;0;0;1;12.4714;41.8573;-1;1;Autovettura privata;In marcia / fermata / arresto;Passeggero;F;Rimandato;0;NON DECEDUTO;;
3919416;11;15/07/2018 00:45:00;Strada Urbana;VIALE GUGLIELMO MARCONI;all'intersezione con;VIA TEMISTOCLE CALZECCHI ONESTI;VIA TEMISTOCLE CALZECCHI ONESTI;;;Scontro frontale/laterale DX fra veicoli in marcia;Intersezione semaforizzata;Due carreggiate;Asciutto;Asfaltata;Verticale ed orizzontale;Sereno;Scarso;Buona;Sufficiente;3;0;0;1;12.4714;41.8573;-1;2;Autovettura privata;In marcia / fermata / arresto;Conducente;M;Illeso;0;;;
3919418;15;13/07/2018 20:30:00;Strada Urbana;VIA GIOVANNI VOLPATO;in corrispondenza;;del civico n.;10;;Scontro laterale fra veicoli in marcia;Rettilineo;Una carreggiata a doppio senso;Asciutto;Asfaltata;Verticale ed orizzontale;Sereno;Scarso;Buona;Sufficiente;1;0;0;1;12.4672;41.8716;-1;1;Autovettura privata;In marcia / fermata / arresto;Conducente;F;Illeso;0;;Non accertato;Inesploso
3919418;15;13/07/2018 20:30:00;Strada Urbana;VIA GIOVANNI VOLPATO;in corrispondenza;;del civico n.;10;;Scontro laterale fra veicoli in marcia;Rettilineo;Una carreggiata a doppio senso;Asciutto;Asfaltata;Verticale ed orizzontale;Sereno;Scarso;Buona;Sufficiente;1;0;0;1;12.4672;41.8716;-1;2;Motociclo a solo;In marcia / fermata / arresto;Conducente;M;Rimandato;0;NON DECEDUTO;Non accertato;
3919419;7;13/07/2018 23:15:00;Strada Urbana;VIA TUSCOLANA;in corrispondenza;;del civico n.;929;;Scontro laterale fra veicoli in marcia;Rettilineo;Due carreggiate;Asciutto;Asfaltata;Verticale ed orizzontale;Sereno;Normale;Buona;Sufficiente;0;0;0;3;12.5638;41.8562;-1;1;Autovettura privata;In marcia / fermata / arresto;Conducente;M;Illeso;0;;Non accertato;Inesploso
3919419;7;13/07/2018 23:15:00;Strada Urbana;VIA TUSCOLANA;in corrispondenza;;del civico n.;929;;Scontro laterale fra veicoli in marcia;Rettilineo;Due carreggiate;Asciutto;Asfaltata;Verticale ed orizzontale;Sereno;Normale;Buona;Sufficiente;0;0;0;3;12.5638;41.8562;-1;2;Autovettura privata;In marcia / fermata / arresto;Conducente;M;Illeso;0;;Non accertato;Inesploso
3919419;7;13/07/2018 23:15:00;Strada Urbana;VIA TUSCOLANA;in corrispondenza;;del civico n.;929;;Scontro laterale fra veicoli in marcia;Rettilineo;Due carreggiate;Asciutto;Asfaltata;Verticale ed orizzontale;Sereno;Normale;Buona;Sufficiente;0;0;0;3;12.5638;41.8562;-1;2;Autovettura privata;In marcia / fermata / arresto;Passeggero;M;Illeso;0;;Non accertato;Inesploso
3919426;7;14/07/2018 03:00:00;Strada Urbana;VIA CASILINA;all'intersezione con;VIA DEL PONTE DI PANTANO;VIA DEL PONTE DI PANTANO;;;Veicolo in marcia contro ostacolo accidentale;Incrocio;Due carreggiate;Asciutto;Asfaltata;Assente;Sereno;Scarso;Sufficiente;Sufficiente;0;0;0;1;12.7012;41.8653;-1;1;Autovettura privata;In marcia / fermata / arresto;Conducente;M;Illeso;0;;Non accertato;Inesploso