Protocollo;Gruppo;DataOraIncidente;Localizzazione1;STRADA1;Localizzazione2;STRADA2;Strada02;Chilometrica;DaSpecificare;NaturaIncidente;particolaritastrade;TipoStrada;FondoStradale;Pavimentazione;Segnaletica;CondizioneAtmosferica;Traffico;Visibilita;Illuminazione;NUM_FERITI;NUM_RISERVATA;NUM_MORTI;NUM_ILLESI;Longitudine;Latitudine;Confermato;Progressivo;TipoVeicolo;StatoVeicolo;TipoPersona;Sesso;Tipolesione;Deceduto;DecedutoDopo;CinturaCascoUtilizzato;Airbag;
3921049;1;13/07/2018 10:30:00;Strada Urbana;LUNGOTEVERE AVENTINO;all'intersezione semaforizzata con;PIAZZA DELL'EMPORIO;PIAZZA DELL'EMPORIO;;;Scontro laterale fra veicoli in marcia;Intersezione semaforizzata;Una carreggiata a senso unico di marcia;Asciutto;Asfaltata;Verticale ed orizzontale;Sereno;Normale;Buona;Ore Diurne;0;0;0;2;12.479;41.8855;-1;2;Autocarro inferiore 35 q.;In marcia / fermata / arresto;Conducente;M;Illeso;0;;;
3921051;11;17/07/2018 09:30:00;Strada Urbana;VIA CRISTOFORO COLOMBO;in prossimità;;del palo luce n.;322;;Tamponamento Multiplo;Rettilineo;Più di due carreggiate;Asciutto;Asfaltata;Verticale ed orizzontale;Sereno;Normale;Buona;Ore Diurne;3;0;0;1;12.4797;41.8467;-1;1;Autovettura privata;In marcia / fermata / arresto;Conducente;F;Rimandato;0;NON DECEDUTO;Non accertato;Inesploso
3921051;11;17/07/2018 09:30:00;Strada Urbana;VIA CRISTOFORO COLOMBO;in prossimità;;del palo luce n.;322;;Tamponamento Multiplo;Rettilineo;Più di due carreggiate;Asciutto;Asfaltata;Verticale ed orizzontale;Sereno;Normale;Buona;Ore Diurne;3;0;0;1;12.4797;41.8467;-1;2;Autovettura privata;In marcia / fermata / arresto;Conducente;M;Rimandato;0;NON DECEDUTO;Non accertato;Inesploso
3921051;11;17/07/2018 09:30:00;Strada Urbana;VIA CRISTOFORO COLOMBO;in prossimità;;del palo luce n.;322;;Tamponamento Multiplo;Rettilineo;Più di due carreggiate;Asciutto;Asfaltata;Verticale ed orizzontale;Sereno;Normale;Buona;Ore Diurne;3;0;0;1;12.4797;41.8467;-1;2;Autovettura privata;In marcia / fermata / arresto;Passeggero;F;Rimandato;0;NON DECEDUTO;Non accertato;Inesploso
3921051;11;17/07/2018 09:30:00;Strada Urbana;VIA CRISTOFORO COLOMBO;in prossimità;;del palo luce n.;322;;Tamponamento Multiplo;Rettilineo;Più di due carreggiate;Asciutto;Asfaltata;Verticale ed orizzontale;Sereno;Normale;Buona;Ore Diurne;3;0;0;1;12.4797;41.8467;-1;3;Autovettura privata;In marcia / fermata / arresto;Conducente;M;Illeso;0;;Non accertato;Inesploso
3921057;18;16/07/2018 14:20:00;Strada Urbana;VIA DI BOCCEA;da specificare;;;;IN PROSSIMITA' DI VIA ACHILLE LUIGI BONANOME;Tamponamento Multiplo;Rettilineo;Una carreggiata a doppio senso;Asciutto;Asfaltata;Verticale ed orizzontale;Nuvoloso;Intenso;Buona;Ore Diurne;0;0;0;5;12.3847;41.9149;-1;1;Autocarro inferiore 35 q.;In marcia / fermata / arresto;Conducente;M;Illeso;0;;;
3921057;18;16/07/2018 14:20:00;Strada Urbana;VIA DI BOCCEA;da specificare;;;;IN PROSSIMITA' DI VIA ACHILLE LUIGI BONANOME;Tamponamento Multiplo;Rettilineo;Una carreggiata a doppio senso;Asciutto;Asfaltata;Verticale ed orizzontale;Nuvoloso;Intenso;Buona;Ore Diurne;0;0;0;5;12.3847;41.9149;-1;1;Autocarro inferiore 35 q.;In marcia / fermata / arresto;Passeggero;M;Illeso;0;;;
3921057;18;16/07/2018 14:20:00;Strada Urbana;VIA DI BOCCEA;da specificare;;;;IN PROSSIMITA' DI VIA ACHILLE LUIGI BONANOME;Tamponamento Multiplo;Rettilineo;Una carreggiata a doppio senso;Asciutto;Asfaltata;Verticale ed orizzontale;Nuvoloso;Intenso;Buona;Ore Diurne;0;0;0;5;12.3847;41.9149;-1;2;Autovettura privata;In marcia / fermata / arresto;Conducente;F;Illeso;0;;;
3921057;18;16/07/2018 14:20:00;Strada Urbana;VIA DI BOCCEA;da specificare;;;;IN PROSSIMITA' DI VIA ACHILLE LUIGI BONANOME;Tamponamento Multiplo;Rettilineo;Una carreggiata a doppio senso;Asciutto;Asfaltata;Verticale ed orizzontale;Nuvoloso;Intenso;Buona;Ore Diurne;0;0;0;5;12.3847;41.9149;-1;2;Autovettura privata;In marcia / fermata / arresto;Passeggero;M;Illeso;0;;;
3921057;18;16/07/2018 14:20:00;Strada Urbana;VIA DI BOCCEA;da specificare;;;;IN PROSSIMITA' DI VIA ACHILLE LUIGI BONANOME;Tamponamento Multiplo;Rettilineo;Una carreggiata a doppio senso;Asciutto;Asfaltata;Verticale ed orizzontale;Nuvoloso;Intenso;Buona;Ore Diurne;0;0;0;5;12.3847;41.9149;-1;3;Autovettura privata;In marcia / fermata / arresto;Conducente;F;Illeso;0;;;
3921061;4;16/07/2018 12:00:00;Strada Urbana;VIA MONTE MALOIA;in prossimità;;del civico n.;5;;Veicolo in marcia contro veicoli in sosta;Rettilineo;Una carreggiata a doppio senso;Asciutto;Asfaltata;Verticale;Nuvoloso;Scarso;Buona;Ore Diurne;1;0;0;0;12.538;41.935;-1;1;Motociclo a solo;In marcia / fermata / arresto;Conducente;M;Rimandato;0;NON DECEDUTO;;
3921086;4;16/07/2018 14:30:00;Strada Urbana;VIA ERNESTO CALINDRI;da specificare;;;;fronte civico 13;Scontro frontale fra veicoli in marcia;Curva a visuale libera;Una carreggiata a doppio senso;Asciutto;Lastricata;Verticale ed orizzontale;Nuvoloso;Scarso;Buona;Ore Diurne;0;0;0;2;12.5289;41.9787;-1;1;Autovettura privata;In marcia / fermata / arresto;Conducente;M;Illeso;0;;Non accertato;Inesploso
3921086;4;16/07/2018 14:30:00;Strada Urbana;VIA ERNESTO CALINDRI;da specificare;;;;fronte civico 13;Scontro frontale fra veicoli in marcia;Curva a visuale libera;Una carreggiata a doppio senso;Asciutto;Lastricata;Verticale ed orizzontale;Nuvoloso;Scarso;Buona;Ore Diurne;0;0;0;2;12.5289;41.9787;-1;2;Autovettura privata;In marcia / fermata / arresto;Conducente;M;Illeso;0;;Non accertato;Inesploso
3921089;18;16/07/2018 15:05:00;Strada Urbana;VIA DELLA PINETA SACCHETTI;in prossimità;;del civico n.;59;;Tamponamento Multiplo;Rettilineo;Una carreggiata a doppio senso;Asciutto;Asfaltata;Verticale ed orizzontale;Nuvoloso;Normale;Buona;Ore Diurne;3;0;0;0;12.4238;41.9115;-1;1;Autovettura privata;In marcia / fermata / arresto;Conducente;M;Rifiuta cure immediate;0;NON DECEDUTO;;
3921089;18;16/07/2018 15:05:00;Strada Urbana;VIA DELLA PINETA SACCHETTI;in prossimità;;del civico n.;59;;Tamponamento Multiplo;Rettilineo;Una carreggiata a doppio senso;Asciutto;Asfaltata;Verticale ed orizzontale;Nuvoloso;Normale;Buona;Ore Diurne;3;0;0;0;12.4238;41.9115;-1;2;Autovettura privata;In marcia / fermata / arresto;Conducente;M;Rimandato;0;NON DECEDUTO;;
3921089;18;16/07/2018 15:05:00;Strada Urbana;VIA DELLA PINETA SACCHETTI;in prossimità;;del civico n.;59;;Tamponamento Multiplo;Rettilineo;Una carreggiata a doppio senso;Asciutto;Asfaltata;Verticale ed orizzontale;Nuvoloso;Normale;Buona;Ore Diurne;3;0;0;0;12.4238;41.9115;-1;3;Autovettura privata;In marcia / fermata / arresto;Conducente;F;Rimandato;0;NON DECEDUTO;;
3921116;23;16/07/2018 17:00:00;Comunale extraurbana;VIA CRISTOFORO COLOMBO;all'intersezione semaforizzata con;VIA DI ACILIA;VIA DI ACILIA;;;Scontro frontale/laterale DX fra veicoli in marcia;Intersezione semaforizzata;Più di due carreggiate;Asciutto;Asfaltata;Verticale ed orizzontale;Nuvoloso;Normale;Buona;Ore Diurne;0;0;0;2;12.3831;41.7653;-1;1;Autovettura privata;In marcia / fermata / arresto;Conducente;F;Illeso;0;;Non accertato;Inesploso
3921116;23;16/07/2018 17:00:00;Comunale extraurbana;VIA CRISTOFORO COLOMBO;all'intersezione semaforizzata con;VIA DI ACILIA;VIA DI ACILIA;;;Scontro frontale/laterale DX fra veicoli in marcia;Intersezione semaforizzata;Più di due carreggiate;Asciutto;Asfaltata;Verticale ed orizzontale;Nuvoloso;Normale;Buona;Ore Diurne;0;0;0;2;12.3831;41.7653;-1;2;Autovettura privata;In marcia / fermata / arresto;Conducente;F;Illeso;0;;Non accertato;Inesploso
3921125;1;13/07/2018 12:20:00;Strada Urbana;VIA DI S. GIOVANNI IN LATERANO;all'intersezione con;VIA DEI NORMANNI;VIA DEI NORMANNI;;;Tamponamento;Incrocio;Una carreggiata a senso unico di marcia;Asciutto;In cubetti di porfido;Verticale ed orizzontale;Sereno;Normale;Buona;Ore Diurne;0;0;0;2;12.499;41.8885;-1;1;Autovettura privata;In marcia / fermata / arresto;Conducente;M;Illeso;0;;Non accertato;Inesploso
3921125;1;13/07/2018 12:20:00;Strada Urbana;VIA DI S. GIOVANNI IN LATERANO;all'intersezione con;VIA DEI NORMANNI;VIA DEI NORMANNI;;;Tamponamento;Incrocio;Una carreggiata a senso unico di marcia;Asciutto;In cubetti di porfido;Verticale ed orizzontale;Sereno;Normale;Buona;Ore Diurne;0;0;0;2;12.499;41.8885;-1;2;Autovettura privata;In marcia / fermata / arresto;Conducente;F;Illeso;0;;Non accertato;
3921130;18;16/07/2018 16:30:00;Strada Urbana;VIA GREGORIO VII;in corrispondenza;;del civico n.;282;;Scontro laterale fra veicoli in marcia;Pendenza;Più di due carreggiate;Asciutto;Asfaltata;Verticale;Sereno;Normale;Buona;Ore Diurne;0;0;0;2;12.4399;41.8961;-1;1;Autovettura privata;In marcia / fermata / arresto;Conducente;F;Illeso;0;;Non accertato;Inesploso
3921130;18;16/07/2018 16:30:00;Strada Urbana;VIA GREGORIO VII;in corrispondenza;;del civico n.;282;;Scontro laterale fra veicoli in marcia;Pendenza;Più di due carreggiate;Asciutto;Asfaltata;Verticale;Sereno;Normale;Buona;Ore Diurne;0;0;0;2;12.4399;41.8961;-1;2;Autocarro inferiore 35 q.;In marcia / fermata / arresto;Conducente;M;Illeso;0;;Non accertato;Inesistente
3921150;17;16/07/2018 18:40:00;Strada Urbana;LUNGOTEVERE IN SASSIA;da specificare;;;;in prossimità dell'ospedale S. Spirito;Tamponamento Multiplo;Rettilineo;Una carreggiata a senso unico di marcia;Asciutto;Asfaltata;Verticale ed orizzontale;Nuvoloso;Normale;Buona;Ore Diurne;1;0;0;4;12.4631;41.9009;-1;1;Autovettura privata;In marcia / fermata / arresto;Conducente;M;Illeso;0;;;
3921150;17;16/07/2018 18:40:00;Strada Urbana;LUNGOTEVERE IN SASSIA;da specificare;;;;in prossimità dell'ospedale S. Spirito;Tamponamento Multiplo;Rettilineo;Una carreggiata a senso unico di marcia;Asciutto;Asfaltata;Verticale ed orizzontale;Nuvoloso;Normale;Buona;Ore Diurne;1;0;0;4;12.4631;41.9009;-1;2;Motociclo a solo;In marcia / fermata / arresto;Conducente;M;Rimandato;0;NON DECEDUTO;;
3921150;17;16/07/2018 18:40:00;Strada Urbana;LUNGOTEVERE IN SASSIA;da specificare;;;;in prossimità dell'ospedale S. Spirito;Tamponamento Multiplo;Rettilineo;Una carreggiata a senso unico di marcia;Asciutto;Asfaltata;Verticale ed orizzontale;Nuvoloso;Normale;Buona;Ore Diurne;1;0;0;4;12.4631;41.9009;-1;3;Autovettura privata;In marcia / fermata / arresto;Conducente;M;Illeso;0;;;
3921150;17;16/07/2018 18:40:00;Strada Urbana;LUNGOTEVERE IN SASSIA;da specificare;;;;in prossimità dell'ospedale S. Spirito;Tamponamento Multiplo;Rettilineo;Una carreggiata a senso unico di marcia;Asciutto;Asfaltata;Verticale ed orizzontale;Nuvoloso;Normale;Buona;Ore Diurne;1;0;0;4;12.4631;41.9009;-1;3;Autovettura privata;In marcia / fermata / arresto;Passeggero;M;Illeso;0;;Utilizzato;
3921150;17;16/07/2018 18:40:00;Strada Urbana;LUNGOTEVERE IN SASSIA;da specificare;;;;in prossimità dell'ospedale S. Spirito;Tamponamento Multiplo;Rettilineo;Una carreggiata a senso unico di marcia;Asciutto;Asfaltata;Verticale ed orizzontale;Nuvoloso;Normale;Buona;Ore Diurne;1;0;0;4;12.4631;41.9009;-1;3;Autovettura privata;In marcia / fermata / arresto;Passeggero;F;Illeso;0;;Utilizzato;
3921159;1;13/07/2018 14:00:00;Strada Urbana;VIA LUCIANO MANARA;all'intersezione con;PIAZZA DI S. COSIMATO;PIAZZA DI S. COSIMATO;;;Scontro frontale/laterale DX fra veicoli in marcia;Incrocio;Una carreggiata a senso unico di marcia;Asciutto;Acciotolata;Verticale ed orizzontale;Sereno;Scarso;Buona;Ore Diurne;0;0;0;2;12.4691;41.888;-1;1;Autovettura privata;In marcia / fermata / arresto;Conducente;M;Illeso;0;;Non accertato;Inesploso
3921159;1;13/07/2018 14:00:00;Strada Urbana;VIA LUCIANO MANARA;all'intersezione con;PIAZZA DI S. COSIMATO;PIAZZA DI S. COSIMATO;;;Scontro frontale/laterale DX fra veicoli in marcia;Incrocio;Una carreggiata a senso unico di marcia;Asciutto;Acciotolata;Verticale ed orizzontale;Sereno;Scarso;Buona;Ore Diurne;0;0;0;2;12.4691;41.888;-1;2;Autovettura privata;In marcia / fermata / arresto;Conducente;F;Illeso;0;;Non accertato;Inesploso
3921161;9;17/07/2018 06:55:00;;Tangenziale Est;da specificare;;;;altezza LARGO TALAMONE;Veicolo in marcia contro ostacolo fisso;;;;;;;;;;0;0;0;1;12.5198;41.8968;0;1;Autovettura privata;In marcia / fermata / arresto;Conducente;M;Illeso;0;;Non accertato;Inesploso
3921172;7;17/07/2018 09:00:00;Strada Urbana;VIA DEI CASTANI;in prossimità;;del civico n.;32;;Investimento di pedone;Rettilineo;Una carreggiata a doppio senso;Asciutto;Asfaltata;Verticale ed orizzontale;Sereno;Normale;Buona;Ore Diurne;0;0;1;2;12.5664;41.8785;-1;;;;Pedone;M;Deceduto durante trasporto;-1;;;
3921172;7;17/07/2018 09:00:00;Strada Urbana;VIA DEI CASTANI;in prossimità;;del civico n.;32;;Investimento di pedone;Rettilineo;Una carreggiata a doppio senso;Asciutto;Asfaltata;Verticale ed orizzontale;Sereno;Normale;Buona;Ore Diurne;0;0;1;2;12.5664;41.8785;-1;1;Autovettura privata;In marcia / fermata / arresto;Conducente;M;Illeso;0;;Non accertato;Inesploso
3921172;7;17/07/2018 09:00:00;Strada Urbana;VIA DEI CASTANI;in prossimità;;del civico n.;32;;Investimento di pedone;Rettilineo;Una carreggiata a doppio senso;Asciutto;Asfaltata;Verticale ed orizzontale;Sereno;Normale;Buona;Ore Diurne;0;0;1;2;12.5664;41.8785;-1;1;Autovettura privata;In marcia / fermata / arresto;Passeggero;M;Illeso;0;;Non accertato;Inesploso
3921219;1;13/07/2018 16:25:00;Strada Urbana;LARGO DEL TRITONE;all'intersezione semaforizzata con;VIA DEI DUE MACELLI;VIA DEI DUE MACELLI;;;Tamponamento;Intersezione semaforizzata;Una carreggiata a doppio senso;Asciutto;Asfaltata;Verticale ed orizzontale;Sereno;Normale;Buona;Ore Diurne;0;0;0;3;12.4856;41.9029;-1;1;Autovettura pubblica;In marcia / fermata / arresto;Conducente;M;Illeso;0;;Non accertato;
3921219;1;13/07/2018 16:25:00;Strada Urbana;LARGO DEL TRITONE;all'intersezione semaforizzata con;VIA DEI DUE MACELLI;VIA DEI DUE MACELLI;;;Tamponamento;Intersezione semaforizzata;Una carreggiata a doppio senso;Asciutto;Asfaltata;Verticale ed orizzontale;Sereno;Normale;Buona;Ore Diurne;0;0;0;3;12.4856;41.9029;-1;1;Autovettura pubblica;In marcia / fermata / arresto;Passeggero;M;Illeso;0;;;
3921219;1;13/07/2018 16:25:00;Strada Urbana;LARGO DEL TRITONE;all'intersezione semaforizzata con;VIA DEI DUE MACELLI;VIA DEI DUE MACELLI;;;Tamponamento;Intersezione semaforizzata;Una carreggiata a doppio senso;Asciutto;Asfaltata;Verticale ed orizzontale;Sereno;Normale;Buona;Ore Diurne;0;0;0;3;12.4856;41.9029;-1;2;Autovettura privata;In marcia / fermata / arresto;Conducente;F;Illeso;0;;Non accertato;
3921228;18;16/07/2018 17:00:00;Strada Urbana;VIA ANASTASIO II;all'intersezione semaforizzata con;VIA DEI SAVORELLI;VIA DEI SAVORELLI;;;Scontro laterale fra veicoli in marcia;Intersezione semaforizzata;Due carreggiate;Asciutto;Asfaltata;Verticale ed orizzontale;Nuvoloso;Intenso;Buona;Ore Diurne;0;0;0;3;12.4425;41.8999;-1;1;Autovettura privata;In marcia / fermata / arresto;Conducente;F;Illeso;0;;;
3921228;18;16/07/2018 17:00:00;Strada Urbana;VIA ANASTASIO II;all'intersezione semaforizzata con;VIA DEI SAVORELLI;VIA DEI SAVORELLI;;;Scontro laterale fra veicoli in marcia;Intersezione semaforizzata;Due carreggiate;Asciutto;Asfaltata;Verticale ed orizzontale;Nuvoloso;Intenso;Buona;Ore Diurne;0;0;0;3;12.4425;41.8999;-1;1;Autovettura privata;In marcia / fermata / arresto;Passeggero;F;Illeso;0;;;
3921228;18;16/07/2018 17:00:00;Strada Urbana;VIA ANASTASIO II;all'intersezione semaforizzata con;VIA DEI SAVORELLI;VIA DEI SAVORELLI;;;Scontro laterale fra veicoli in marcia;Intersezione semaforizzata;Due carreggiate;Asciutto;Asfaltata;Verticale ed orizzontale;Nuvoloso;Intenso;Buona;Ore Diurne;0;0;0;3;12.4425;41.8999;-1;2;Motociclo a solo;In marcia / fermata / arresto;Conducente;M;Illeso;0;;;
3921247;18;17/07/2018 00:45:00;Strada Urbana;VIA AURELIA ANTICA;all'intersezione con;VIA DI VILLA BETANIA;VIA DI VILLA BETANIA;;;Veicolo in marcia contro ostacolo fisso;Incrocio;Una carreggiata a doppio senso;Bagnato (pioggia);Asfaltata;Verticale ed orizzontale;Pioggia in atto;Scarso;Sufficiente;Sufficiente;3;0;0;1;12.4428;41.8892;-1;1;Autovettura privata;In marcia / fermata / arresto;Conducente;M;Illeso;0;;;
3921247;18;17/07/2018 00:45:00;Strada Urbana;VIA AURELIA ANTICA;all'intersezione con;VIA DI VILLA BETANIA;VIA DI VILLA BETANIA;;;Veicolo in marcia contro ostacolo fisso;Incrocio;Una carreggiata a doppio senso;Bagnato (pioggia);Asfaltata;Verticale ed orizzontale;Pioggia in atto;Scarso;Sufficiente;Sufficiente;3;0;0;1;12.4428;41.8892;-1;1;Autovettura privata;In marcia / fermata / arresto;Passeggero;F;Ricoverato;0;NON DECEDUTO;;
3921247;18;17/07/2018 00:45:00;Strada Urbana;VIA AURELIA ANTICA;all'intersezione con;VIA DI VILLA BETANIA;VIA DI VILLA BETANIA;;;Veicolo in marcia contro ostacolo fisso;Incrocio;Una carreggiata a doppio senso;Bagnato (pioggia);Asfaltata;Verticale ed orizzontale;Pioggia in atto;Scarso;Sufficiente;Sufficiente;3;0;0;1;12.4428;41.8892;-1;1;Autovettura privata;In marcia / fermata / arresto;Passeggero;M;Ricoverato;0;NON DECEDUTO;;
3921247;18;17/07/2018 00:45:00;Strada Urbana;VIA AURELIA ANTICA;all'intersezione con;VIA DI VILLA BETANIA;VIA DI VILLA BETANIA;;;Veicolo in marcia contro ostacolo fisso;Incrocio;Una carreggiata a doppio senso;Bagnato (pioggia);Asfaltata;Verticale ed orizzontale;Pioggia in atto;Scarso;Sufficiente;Sufficiente;3;0;0;1;12.4428;41.8892;-1;1;Autovettura privata;In marcia / fermata / arresto;Passeggero;M;Rimandato;0;NON DECEDUTO;;
3921274;1;13/07/2018 18:40:00;Strada Urbana;VIA MARSALA;da specificare;;;;ALTEZZA SOTTOVIA TURBIGO;Scontro frontale/laterale DX fra veicoli in marcia;Rettilineo;Una carreggiata a doppio senso;Asciutto;Acciotolata;Assente;Sereno;Normale;Buona;Ore Diurne;0;0;0;3;12.5071;41.8993;-1;1;Autovettura privata;In marcia / fermata / arresto;Conducente;F;Illeso;0;;Non accertato;
3921274;1;13/07/2018 18:40:00;Strada Urbana;VIA MARSALA;da specificare;;;;ALTEZZA SOTTOVIA TURBIGO;Scontro frontale/laterale DX fra veicoli in marcia;Rettilineo;Una carreggiata a doppio senso;Asciutto;Acciotolata;Assente;Sereno;Normale;Buona;Ore Diurne;0;0;0;3;12.5071;41.8993;-1;2;Autobus di linea;In marcia / fermata / arresto;Conducente;M;Illeso;0;;Non accertato;
3921274;1;13/07/2018 18:40:00;Strada Urbana;VIA MARSALA;da specificare;;;;ALTEZZA SOTTOVIA TURBIGO;Scontro frontale/laterale DX fra veicoli in marcia;Rettilineo;Una carreggiata a doppio senso;Asciutto;Acciotolata;Assente;Sereno;Normale;Buona;Ore Diurne;0;0;0;3;12.5071;41.8993;-1;2;Autobus di linea;In marcia / fermata / arresto;Passeggero;M;Illeso;0;;Non accertato;
3921294;9;16/07/2018 23:30:00;Strada Urbana;VIA DELLE CAVE;da specificare;;;;fronte civico 77;Veicolo in marcia contro veicoli in sosta;Rettilineo;Una carreggiata a senso unico di marcia;Asciutto;Asfaltata;Orizzontale;Sereno;Normale;Buona;Ore Diurne;0;0;0;1;12.5306;41.8716;-1;1;Autovettura privata;In marcia / fermata / arresto;Conducente;M;Illeso;0;;;
3921300;20;17/07/2018 11:50:00;Strada Urbana;VIA NEMEA;all'intersezione con;VIA APOLLO PIZIO;VIA APOLLO PIZIO;;;Scontro frontale/laterale DX fra veicoli in marcia;Intersezione non regolata/non segnalata;Una carreggiata a senso unico di marcia;Asciutto;Asfaltata;Verticale;Sereno;Scarso;Buona;Ore Diurne;0;0;0;2;12.4614;41.9475;-1;1;Autovettura privata;In marcia / fermata / arresto;Conducente;M;Illeso;0;;Non accertato;Inesploso
3921300;20;17/07/2018 11:50:00;Strada Urbana;VIA NEMEA;all'intersezione con;VIA APOLLO PIZIO;VIA APOLLO PIZIO;;;Scontro frontale/laterale DX fra veicoli in marcia;Intersezione non regolata/non segnalata;Una carreggiata a senso unico di marcia;Asciutto;Asfaltata;Verticale;Sereno;Scarso;Buona;Ore Diurne;0;0;0;2;12.4614;41.9475;-1;2;Quadriciclo leggero;In marcia / fermata / arresto;Conducente;M;Illeso;0;;Non accertato;Inesistente
3921309;1;13/07/2018 18:45:00;Strada Urbana;LUNGOTEVERE IN AUGUSTA;in prossimità;;del civico n.;27;;Scontro laterale fra veicoli in marcia;Rettilineo;Una carreggiata a senso unico di marcia;Asciutto;Asfaltata;Assente;Sereno;Normale;Buona;Ore Diurne;0;0;0;3;12.4733;41.9095;-1;1;Autovettura privata;In marcia / fermata / arresto;Conducente;F;Illeso;0;;Non accertato;Inesploso
3921309;1;13/07/2018 18:45:00;Strada Urbana;LUNGOTEVERE IN AUGUSTA;in prossimità;;del civico n.;27;;Scontro laterale fra veicoli in marcia;Rettilineo;Una carreggiata a senso unico di marcia;Asciutto;Asfaltata;Assente;Sereno;Normale;Buona;Ore Diurne;0;0;0;3;12.4733;41.9095;-1;1;Autovettura privata;In marcia / fermata / arresto;Passeggero;M;Illeso;0;;Non accertato;Inesploso
3921309;1;13/07/2018 18:45:00;Strada Urbana;LUNGOTEVERE IN AUGUSTA;in prossimità;;del civico n.;27;;Scontro laterale fra veicoli in marcia;Rettilineo;Una carreggiata a senso unico di marcia;Asciutto;Asfaltata;Assente;Sereno;Normale;Buona;Ore Diurne;0;0;0;3;12.4733;41.9095;-1;2;Autovettura privata;In marcia / fermata / arresto;Conducente;F;Illeso;0;;Non accertato;Inesploso
3921361;6;17/07/2018 11:40:00;Strada Urbana;VIA AQUILONIA;all'intersezione con;VIA MARCIANISE;VIA MARCIANISE;;;Scontro laterale fra veicoli in marcia;Incrocio;Una carreggiata a doppio senso;Asciutto;Asfaltata;Verticale ed orizzontale;Sereno;Normale;Buona;Ore Diurne;1;0;0;1;12.5499;41.8911;-1;1;Autocarro inferiore 35 q.;In marcia / fermata / arresto;Conducente;F;Illeso;0;;;
3921361;6;17/07/2018 11:40:00;Strada Urbana;VIA AQUILONIA;all'intersezione con;VIA MARCIANISE;VIA MARCIANISE;;;Scontro laterale fra veicoli in marcia;Incrocio;Una carreggiata a doppio senso;Asciutto;Asfaltata;Verticale ed orizzontale;Sereno;Normale;Buona;Ore Diurne;1;0;0;1;12.5499;41.8911;-1;2;Motociclo a solo;In marcia / fermata / arresto;Conducente;M;Rifiuta cure immediate;0;NON DECEDUTO;;
3921379;2;16/07/2018 22:30:00;Strada Urbana;VIA NOMENTANA;in corrispondenza;;del civico n.;216;;Investimento di pedone;Rettilineo;Una carreggiata a doppio senso;Bagnato (pioggia);Asfaltata;Verticale ed orizzontale;Pioggia in atto;Scarso;Insufficiente;Inesistente;1;0;0;1;12.5221;41.9232;-1;;;;Pedone;M;Rimandato;0;NON DECEDUTO;;
3921379;2;16/07/2018 22:30:00;Strada Urbana;VIA NOMENTANA;in corrispondenza;;del civico n.;216;;Investimento di pedone;Rettilineo;Una carreggiata a doppio senso;Bagnato (pioggia);Asfaltata;Verticale ed orizzontale;Pioggia in atto;Scarso;Insufficiente;Inesistente;1;0;0;1;12.5221;41.9232;-1;1;Motociclo a solo;In marcia / fermata / arresto;Conducente;M;Illeso;0;;Non accertato;
3921476;12;11/07/2018 10:30:00;Strada Urbana;VIA PONTINA;all'intersezione con;VIA DI VALLERANO;VIA DI VALLERANO;;;Scontro laterale fra veicoli in marcia;Incrocio;Una carreggiata a doppio senso;Asciutto;Asfaltata;Verticale ed orizzontale;Sereno;Intenso;Buona;Ore Diurne;1;0;0;4;12.4649;41.7852;-1;1;Autovettura privata;In marcia / fermata / arresto;Conducente;F;Illeso;0;;;
3921476;12;11/07/2018 10:30:00;Strada Urbana;VIA PONTINA;all'intersezione con;VIA DI VALLERANO;VIA DI VALLERANO;;;Scontro laterale fra veicoli in marcia;Incrocio;Una carreggiata a doppio senso;Asciutto;Asfaltata;Verticale ed orizzontale;Sereno;Intenso;Buona;Ore Diurne;1;0;0;4;12.4649;41.7852;-1;1;Autovettura privata;In marcia / fermata / arresto;Passeggero;M;Illeso;0;;Utilizzato;Inesploso
3921476;12;11/07/2018 10:30:00;Strada Urbana;VIA PONTINA;all'intersezione con;VIA DI VALLERANO;VIA DI VALLERANO;;;Scontro laterale fra veicoli in marcia;Incrocio;Una carreggiata a doppio senso;Asciutto;Asfaltata;Verticale ed orizzontale;Sereno;Intenso;Buona;Ore Diurne;1;0;0;4;12.4649;41.7852;-1;1;Autovettura privata;In marcia / fermata / arresto;Passeggero;M;Illeso;0;;Utilizzato;Inesploso
3921476;12;11/07/2018 10:30:00;Strada Urbana;VIA PONTINA;all'intersezione con;VIA DI VALLERANO;VIA DI VALLERANO;;;Scontro laterale fra veicoli in marcia;Incrocio;Una carreggiata a doppio senso;Asciutto;Asfaltata;Verticale ed orizzontale;Sereno;Intenso;Buona;Ore Diurne;1;0;0;4;12.4649;41.7852;-1;2;Motociclo a solo;In marcia / fermata / arresto;Conducente;M;Rimandato;0;NON DECEDUTO;Non accertato;
3921476;12;11/07/2018 10:30:00;Strada Urbana;VIA PONTINA;all'intersezione con;VIA DI VALLERANO;VIA DI VALLERANO;;;Scontro laterale fra veicoli in marcia;Incrocio;Una carreggiata a doppio senso;Asciutto;Asfaltata;Verticale ed orizzontale;Sereno;Intenso;Buona;Ore Diurne;1;0;0;4;12.4649;41.7852;-1;3;Autovettura privata;In marcia / fermata / arresto;Conducente;M;Illeso;0;;Utilizzato;