Protocollo;Gruppo;DataOraIncidente;Localizzazione1;STRADA1;Localizzazione2;STRADA2;Strada02;Chilometrica;DaSpecificare;NaturaIncidente;particolaritastrade;TipoStrada;FondoStradale;Pavimentazione;Segnaletica;CondizioneAtmosferica;Traffico;Visibilita;Illuminazione;NUM_FERITI;NUM_RISERVATA;NUM_MORTI;NUM_ILLESI;Longitudine;Latitudine;Confermato;Progressivo;TipoVeicolo;StatoVeicolo;TipoPersona;Sesso;Tipolesione;Deceduto;DecedutoDopo;CinturaCascoUtilizzato;Airbag;
3925616;8;19/07/2018 08:55:00;Strada Urbana;VIA SANT'ELPIDIO A MARE;all'intersezione con;VIA CANTIANO;VIA CANTIANO;;;Scontro frontale/laterale SX fra veicoli in marcia;Incrocio;Una carreggiata a doppio senso;Asciutto;Asfaltata;Verticale ed orizzontale;Sereno;Normale;Buona;Ore Diurne;0;0;0;2;12.7261;41.9183;-1;1;Autocarro inferiore 35 q.;In marcia / fermata / arresto;Conducente;M;Illeso;0;;Non accertato;Inesploso
3925616;8;19/07/2018 08:55:00;Strada Urbana;VIA SANT'ELPIDIO A MARE;all'intersezione con;VIA CANTIANO;VIA CANTIANO;;;Scontro frontale/laterale SX fra veicoli in marcia;Incrocio;Una carreggiata a doppio senso;Asciutto;Asfaltata;Verticale ed orizzontale;Sereno;Normale;Buona;Ore Diurne;0;0;0;2;12.7261;41.9183;-1;2;Autovettura privata;In marcia / fermata / arresto;Conducente;F;Illeso;0;;Non accertato;Inesploso
3925626;4;20/07/2018 03:00:00;Strada Urbana;VIA DEI MARRUCINI;all'intersezione con;VIA DEI RAMNI;VIA DEI RAMNI;;;Scontro frontale/laterale SX fra veicoli in marcia;Incrocio;Due carreggiate;Asciutto;Asfaltata;Verticale ed orizzontale;Sereno;Scarso;Buona;Sufficiente;0;2;0;3;12.514;41.8999;-1;1;Autovettura privata;In marcia / fermata / arresto;Conducente;M;Illeso;0;;Non accertato;Esploso
3925626;4;20/07/2018 03:00:00;Strada Urbana;VIA DEI MARRUCINI;all'intersezione con;VIA DEI RAMNI;VIA DEI RAMNI;;;Scontro frontale/laterale SX fra veicoli in marcia;Incrocio;Due carreggiate;Asciutto;Asfaltata;Verticale ed orizzontale;Sereno;Scarso;Buona;Sufficiente;0;2;0;3;12.514;41.8999;-1;1;Autovettura privata;In marcia / fermata / arresto;Passeggero;M;Illeso;0;;Non accertato;Inesploso
3925626;4;20/07/2018 03:00:00;Strada Urbana;VIA DEI MARRUCINI;all'intersezione con;VIA DEI RAMNI;VIA DEI RAMNI;;;Scontro frontale/laterale SX fra veicoli in marcia;Incrocio;Due carreggiate;Asciutto;Asfaltata;Verticale ed orizzontale;Sereno;Scarso;Buona;Sufficiente;0;2;0;3;12.514;41.8999;-1;1;Autovettura privata;In marcia / fermata / arresto;Passeggero;M;Illeso;0;;Non accertato;Esploso
3925626;4;20/07/2018 03:00:00;Strada Urbana;VIA DEI MARRUCINI;all'intersezione con;VIA DEI RAMNI;VIA DEI RAMNI;;;Scontro frontale/laterale SX fra veicoli in marcia;Incrocio;Due carreggiate;Asciutto;Asfaltata;Verticale ed orizzontale;Sereno;Scarso;Buona;Sufficiente;0;2;0;3;12.514;41.8999;-1;2;Autovettura privata;In marcia / fermata / arresto;Conducente;M;Prognosi riservata;0;NON DECEDUTO;;
3925626;4;20/07/2018 03:00:00;Strada Urbana;VIA DEI MARRUCINI;all'intersezione con;VIA DEI RAMNI;VIA DEI RAMNI;;;Scontro frontale/laterale SX fra veicoli in marcia;Incrocio;Due carreggiate;Asciutto;Asfaltata;Verticale ed orizzontale;Sereno;Scarso;Buona;Sufficiente;0;2;0;3;12.514;41.8999;-1;2;Autovettura privata;In marcia / fermata / arresto;Passeggero;M;Prognosi riservata;0;NON DECEDUTO;Non accertato;Inesploso
3925629;19;19/07/2018 16:00:00;Strada Urbana;VIA TRIONFALE;da specificare;;;;altezza Via del Forte Trionfale;Scontro frontale/laterale DX fra veicoli in marcia;Rettilineo;Una carreggiata a senso unico di marcia;Asciutto;Asfaltata;Verticale ed orizzontale;Sereno;Normale;Buona;Ore Diurne;0;0;0;3;12.4186;41.9443;-1;1;Autovettura privata;In marcia / fermata / arresto;Conducente;M;Illeso;0;;Non accertato;Inesploso
3925629;19;19/07/2018 16:00:00;Strada Urbana;VIA TRIONFALE;da specificare;;;;altezza Via del Forte Trionfale;Scontro frontale/laterale DX fra veicoli in marcia;Rettilineo;Una carreggiata a senso unico di marcia;Asciutto;Asfaltata;Verticale ed orizzontale;Sereno;Normale;Buona;Ore Diurne;0;0;0;3;12.4186;41.9443;-1;2;Motociclo con passeggero;In marcia / fermata / arresto;Conducente;M;Illeso;0;;Non accertato;
3925629;19;19/07/2018 16:00:00;Strada Urbana;VIA TRIONFALE;da specificare;;;;altezza Via del Forte Trionfale;Scontro frontale/laterale DX fra veicoli in marcia;Rettilineo;Una carreggiata a senso unico di marcia;Asciutto;Asfaltata;Verticale ed orizzontale;Sereno;Normale;Buona;Ore Diurne;0;0;0;3;12.4186;41.9443;-1;2;Motociclo con passeggero;In marcia / fermata / arresto;Passeggero;F;Illeso;0;;Non accertato;
3925636;1;18/07/2018 06:40:00;;GALLERIA PRINCIPE AMEDEO SAVOIA AOSTA;da specificare;;;;in prossimità di Piazza della Rovere;Investimento di pedone;;;;;;;;;;1;0;0;1;;;0;;;;Pedone;M;Illeso;0;;;
3925636;1;18/07/2018 06:40:00;;GALLERIA PRINCIPE AMEDEO SAVOIA AOSTA;da specificare;;;;in prossimità di Piazza della Rovere;Investimento di pedone;;;;;;;;;;1;0;0;1;;;0;;;;Pedone;F;Rimandato;0;NON DECEDUTO;;
3925639;1;20/07/2018 01:00:00;Strada Urbana;LARGO DI S. SUSANNA;all'intersezione con;PIAZZA S. BERNARDO;PIAZZA S. BERNARDO;;;Tamponamento;Incrocio;Una carreggiata a senso unico di marcia;Asciutto;Asfaltata;Verticale ed orizzontale;Sereno;Scarso;Buona;Sufficiente;1;0;0;2;12.4937;41.9047;-1;1;Autovettura privata;In marcia / fermata / arresto;Conducente;M;Illeso;0;;Non accertato;Inesploso
3925639;1;20/07/2018 01:00:00;Strada Urbana;LARGO DI S. SUSANNA;all'intersezione con;PIAZZA S. BERNARDO;PIAZZA S. BERNARDO;;;Tamponamento;Incrocio;Una carreggiata a senso unico di marcia;Asciutto;Asfaltata;Verticale ed orizzontale;Sereno;Scarso;Buona;Sufficiente;1;0;0;2;12.4937;41.9047;-1;1;Autovettura privata;In marcia / fermata / arresto;Passeggero;M;Illeso;0;;Non accertato;Inesploso
3925639;1;20/07/2018 01:00:00;Strada Urbana;LARGO DI S. SUSANNA;all'intersezione con;PIAZZA S. BERNARDO;PIAZZA S. BERNARDO;;;Tamponamento;Incrocio;Una carreggiata a senso unico di marcia;Asciutto;Asfaltata;Verticale ed orizzontale;Sereno;Scarso;Buona;Sufficiente;1;0;0;2;12.4937;41.9047;-1;2;Motociclo a solo;In marcia / fermata / arresto;Conducente;M;Rimandato;0;NON DECEDUTO;Non accertato;
3925642;8;19/07/2018 18:15:00;Strada Urbana;VIA COLLATINA;in prossimità;;del palo luce n.;558;;Tamponamento Multiplo;Rettilineo;Una carreggiata a doppio senso;Asciutto;Asfaltata;Verticale ed orizzontale;Sereno;Normale;Buona;Ore Diurne;2;0;0;6;12.6661;41.9223;-1;1;Autovettura privata;In marcia / fermata / arresto;Conducente;M;Illeso;0;;Non accertato;Inesploso
3925642;8;19/07/2018 18:15:00;Strada Urbana;VIA COLLATINA;in prossimità;;del palo luce n.;558;;Tamponamento Multiplo;Rettilineo;Una carreggiata a doppio senso;Asciutto;Asfaltata;Verticale ed orizzontale;Sereno;Normale;Buona;Ore Diurne;2;0;0;6;12.6661;41.9223;-1;1;Autovettura privata;In marcia / fermata / arresto;Passeggero;F;Illeso;0;;;
3925642;8;19/07/2018 18:15:00;Strada Urbana;VIA COLLATINA;in prossimità;;del palo luce n.;558;;Tamponamento Multiplo;Rettilineo;Una carreggiata a doppio senso;Asciutto;Asfaltata;Verticale ed orizzontale;Sereno;Normale;Buona;Ore Diurne;2;0;0;6;12.6661;41.9223;-1;1;Autovettura privata;In marcia / fermata / arresto;Passeggero;M;Illeso;0;;;
3925642;8;19/07/2018 18:15:00;Strada Urbana;VIA COLLATINA;in prossimità;;del palo luce n.;558;;Tamponamento Multiplo;Rettilineo;Una carreggiata a doppio senso;Asciutto;Asfaltata;Verticale ed orizzontale;Sereno;Normale;Buona;Ore Diurne;2;0;0;6;12.6661;41.9223;-1;1;Autovettura privata;In marcia / fermata / arresto;Passeggero;F;Illeso;0;;;
3925642;8;19/07/2018 18:15:00;Strada Urbana;VIA COLLATINA;in prossimità;;del palo luce n.;558;;Tamponamento Multiplo;Rettilineo;Una carreggiata a doppio senso;Asciutto;Asfaltata;Verticale ed orizzontale;Sereno;Normale;Buona;Ore Diurne;2;0;0;6;12.6661;41.9223;-1;1;Autovettura privata;In marcia / fermata / arresto;Passeggero;F;Illeso;0;;;
3925642;8;19/07/2018 18:15:00;Strada Urbana;VIA COLLATINA;in prossimità;;del palo luce n.;558;;Tamponamento Multiplo;Rettilineo;Una carreggiata a doppio senso;Asciutto;Asfaltata;Verticale ed orizzontale;Sereno;Normale;Buona;Ore Diurne;2;0;0;6;12.6661;41.9223;-1;2;Autovettura privata;In marcia / fermata / arresto;Conducente;M;Rifiuta cure immediate;0;NON DECEDUTO;;Inesploso
3925642;8;19/07/2018 18:15:00;Strada Urbana;VIA COLLATINA;in prossimità;;del palo luce n.;558;;Tamponamento Multiplo;Rettilineo;Una carreggiata a doppio senso;Asciutto;Asfaltata;Verticale ed orizzontale;Sereno;Normale;Buona;Ore Diurne;2;0;0;6;12.6661;41.9223;-1;3;Autovettura privata;In marcia / fermata / arresto;Conducente;F;Illeso;0;;Non accertato;Inesploso
3925642;8;19/07/2018 18:15:00;Strada Urbana;VIA COLLATINA;in prossimità;;del palo luce n.;558;;Tamponamento Multiplo;Rettilineo;Una carreggiata a doppio senso;Asciutto;Asfaltata;Verticale ed orizzontale;Sereno;Normale;Buona;Ore Diurne;2;0;0;6;12.6661;41.9223;-1;3;Autovettura privata;In marcia / fermata / arresto;Passeggero;M;Rifiuta cure immediate;0;NON DECEDUTO;;
3925685;8;19/07/2018 17:50:00;Strada Urbana;VIA SAN BIAGIO PLATANI;da specificare;;;;altezza via Sant'Alfio ;Scontro laterale fra veicoli in marcia;Rettilineo;Una carreggiata a doppio senso;Asciutto;Asfaltata;Verticale ed orizzontale;Sereno;Normale;Buona;Ore Diurne;0;0;0;4;12.6459;41.8737;-1;1;Autovettura privata;In marcia / fermata / arresto;Conducente;F;Illeso;0;;Non accertato;
3925685;8;19/07/2018 17:50:00;Strada Urbana;VIA SAN BIAGIO PLATANI;da specificare;;;;altezza via Sant'Alfio ;Scontro laterale fra veicoli in marcia;Rettilineo;Una carreggiata a doppio senso;Asciutto;Asfaltata;Verticale ed orizzontale;Sereno;Normale;Buona;Ore Diurne;0;0;0;4;12.6459;41.8737;-1;2;Autovettura privata;In marcia / fermata / arresto;Conducente;F;Illeso;0;;Non accertato;
3925685;8;19/07/2018 17:50:00;Strada Urbana;VIA SAN BIAGIO PLATANI;da specificare;;;;altezza via Sant'Alfio ;Scontro laterale fra veicoli in marcia;Rettilineo;Una carreggiata a doppio senso;Asciutto;Asfaltata;Verticale ed orizzontale;Sereno;Normale;Buona;Ore Diurne;0;0;0;4;12.6459;41.8737;-1;2;Autovettura privata;In marcia / fermata / arresto;Passeggero;M;Illeso;0;;;
3925685;8;19/07/2018 17:50:00;Strada Urbana;VIA SAN BIAGIO PLATANI;da specificare;;;;altezza via Sant'Alfio ;Scontro laterale fra veicoli in marcia;Rettilineo;Una carreggiata a doppio senso;Asciutto;Asfaltata;Verticale ed orizzontale;Sereno;Normale;Buona;Ore Diurne;0;0;0;4;12.6459;41.8737;-1;2;Autovettura privata;In marcia / fermata / arresto;Passeggero;F;Illeso;0;;;
3925701;9;20/07/2018 08:30:00;Strada Urbana;VIA TUSCOLANA;in prossimità;;del civico n.;297;;Veicolo in marcia contro ostacolo accidentale;Rettilineo;Una carreggiata a doppio senso;Asciutto;Asfaltata;Verticale ed orizzontale;Sereno;Intenso;Buona;Ore Diurne;1;0;0;3;12.5268;41.8761;-1;1;Autovettura privata;In marcia / fermata / arresto;Conducente;F;Illeso;0;;Utilizzato;Inesploso
3925701;9;20/07/2018 08:30:00;Strada Urbana;VIA TUSCOLANA;in prossimità;;del civico n.;297;;Veicolo in marcia contro ostacolo accidentale;Rettilineo;Una carreggiata a doppio senso;Asciutto;Asfaltata;Verticale ed orizzontale;Sereno;Intenso;Buona;Ore Diurne;1;0;0;3;12.5268;41.8761;-1;1;Autovettura privata;In marcia / fermata / arresto;Passeggero;F;Illeso;0;;Utilizzato;Inesploso
3925701;9;20/07/2018 08:30:00;Strada Urbana;VIA TUSCOLANA;in prossimità;;del civico n.;297;;Veicolo in marcia contro ostacolo accidentale;Rettilineo;Una carreggiata a doppio senso;Asciutto;Asfaltata;Verticale ed orizzontale;Sereno;Intenso;Buona;Ore Diurne;1;0;0;3;12.5268;41.8761;-1;1;Autovettura privata;In marcia / fermata / arresto;Passeggero;M;Illeso;0;;Utilizzato;Inesploso
3925701;9;20/07/2018 08:30:00;Strada Urbana;VIA TUSCOLANA;in prossimità;;del civico n.;297;;Veicolo in marcia contro ostacolo accidentale;Rettilineo;Una carreggiata a doppio senso;Asciutto;Asfaltata;Verticale ed orizzontale;Sereno;Intenso;Buona;Ore Diurne;1;0;0;3;12.5268;41.8761;-1;2;Motociclo a solo;In marcia / fermata / arresto;Conducente;M;Rimandato;0;NON DECEDUTO;Non accertato;
3925721;1;19/07/2018 16:10:00;Strada Urbana;VIA DELLA SCROFA;in prossimità;;del civico n.;117;;Scontro laterale fra veicoli in marcia;Rettilineo;Una carreggiata a senso unico di marcia;Asciutto;In cubetti di porfido;Verticale ed orizzontale;Sereno;Scarso;Buona;Ore Diurne;1;0;0;5;;;0;1;Motociclo con passeggero;In marcia / fermata / arresto;Conducente;M;Illeso;0;;Non accertato;
3925721;1;19/07/2018 16:10:00;Strada Urbana;VIA DELLA SCROFA;in prossimità;;del civico n.;117;;Scontro laterale fra veicoli in marcia;Rettilineo;Una carreggiata a senso unico di marcia;Asciutto;In cubetti di porfido;Verticale ed orizzontale;Sereno;Scarso;Buona;Ore Diurne;1;0;0;5;;;0;1;Motociclo con passeggero;In marcia / fermata / arresto;Passeggero;M;Rimandato;0;NON DECEDUTO;;
3925721;1;19/07/2018 16:10:00;Strada Urbana;VIA DELLA SCROFA;in prossimità;;del civico n.;117;;Scontro laterale fra veicoli in marcia;Rettilineo;Una carreggiata a senso unico di marcia;Asciutto;In cubetti di porfido;Verticale ed orizzontale;Sereno;Scarso;Buona;Ore Diurne;1;0;0;5;;;0;2;Autovettura privata;In marcia / fermata / arresto;Conducente;M;Illeso;0;;Non accertato;Inesploso
3925721;1;19/07/2018 16:10:00;Strada Urbana;VIA DELLA SCROFA;in prossimità;;del civico n.;117;;Scontro laterale fra veicoli in marcia;Rettilineo;Una carreggiata a senso unico di marcia;Asciutto;In cubetti di porfido;Verticale ed orizzontale;Sereno;Scarso;Buona;Ore Diurne;1;0;0;5;;;0;2;Autovettura privata;In marcia / fermata / arresto;Passeggero;F;Illeso;0;;;
3925721;1;19/07/2018 16:10:00;Strada Urbana;VIA DELLA SCROFA;in prossimità;;del civico n.;117;;Scontro laterale fra veicoli in marcia;Rettilineo;Una carreggiata a senso unico di marcia;Asciutto;In cubetti di porfido;Verticale ed orizzontale;Sereno;Scarso;Buona;Ore Diurne;1;0;0;5;;;0;2;Autovettura privata;In marcia / fermata / arresto;Passeggero;F;Illeso;0;;;
3925723;18;19/07/2018 17:00:00;Strada Urbana;VIA ANTONIO MAGLIO;in prossimità;;del palo luce n.;7;;Scontro laterale fra veicoli in marcia;Rettilineo;Una carreggiata a doppio senso;Asciutto;Asfaltata;Orizzontale;Sereno;Scarso;Buona;Ore Diurne;1;0;0;1;12.3869;41.9054;-1;1;Autovettura privata;In marcia / fermata / arresto;Conducente;F;Rimandato;0;NON DECEDUTO;;
3925723;18;19/07/2018 17:00:00;Strada Urbana;VIA ANTONIO MAGLIO;in prossimità;;del palo luce n.;7;;Scontro laterale fra veicoli in marcia;Rettilineo;Una carreggiata a doppio senso;Asciutto;Asfaltata;Orizzontale;Sereno;Scarso;Buona;Ore Diurne;1;0;0;1;12.3869;41.9054;-1;2;Autovettura privata;In marcia / fermata / arresto;Conducente;M;Illeso;0;;;
3925731;5;20/07/2018 08:15:00;Strada Urbana;VIA CAMESENA;da specificare;;;;in prossimità di via Tiburtina;Scontro laterale fra veicoli in marcia;Rettilineo;Due carreggiate;Asciutto;Asfaltata;Verticale ed orizzontale;Sereno;Normale;Buona;Ore Diurne;0;0;0;4;12.5343;41.9084;-1;1;Autovettura privata;In marcia / fermata / arresto;Conducente;M;Illeso;0;;Non accertato;
3925731;5;20/07/2018 08:15:00;Strada Urbana;VIA CAMESENA;da specificare;;;;in prossimità di via Tiburtina;Scontro laterale fra veicoli in marcia;Rettilineo;Due carreggiate;Asciutto;Asfaltata;Verticale ed orizzontale;Sereno;Normale;Buona;Ore Diurne;0;0;0;4;12.5343;41.9084;-1;1;Autovettura privata;In marcia / fermata / arresto;Passeggero;F;Illeso;0;;Non accertato;
3925731;5;20/07/2018 08:15:00;Strada Urbana;VIA CAMESENA;da specificare;;;;in prossimità di via Tiburtina;Scontro laterale fra veicoli in marcia;Rettilineo;Due carreggiate;Asciutto;Asfaltata;Verticale ed orizzontale;Sereno;Normale;Buona;Ore Diurne;0;0;0;4;12.5343;41.9084;-1;1;Autovettura privata;In marcia / fermata / arresto;Passeggero;M;Illeso;0;;Non accertato;
3925731;5;20/07/2018 08:15:00;Strada Urbana;VIA CAMESENA;da specificare;;;;in prossimità di via Tiburtina;Scontro laterale fra veicoli in marcia;Rettilineo;Due carreggiate;Asciutto;Asfaltata;Verticale ed orizzontale;Sereno;Normale;Buona;Ore Diurne;0;0;0;4;12.5343;41.9084;-1;2;Autovettura privata;In marcia / fermata / arresto;Conducente;M;Illeso;0;;Non accertato;
3925749;4;19/07/2018 09:30:00;Strada Urbana;VIA CONCA D'ORO;all'intersezione con;VIA VAL DI SANGRO;VIA VAL DI SANGRO;;;Veicolo in marcia contro ostacolo accidentale;Intersezione stradale segnalata;Una carreggiata a senso unico di marcia;Asciutto;Asfaltata;Verticale ed orizzontale;Sereno;Scarso;Buona;Ore Diurne;0;0;0;2;12.5244;41.9405;-1;;;;Pedone;M;Illeso;0;;;
3925749;4;19/07/2018 09:30:00;Strada Urbana;VIA CONCA D'ORO;all'intersezione con;VIA VAL DI SANGRO;VIA VAL DI SANGRO;;;Veicolo in marcia contro ostacolo accidentale;Intersezione stradale segnalata;Una carreggiata a senso unico di marcia;Asciutto;Asfaltata;Verticale ed orizzontale;Sereno;Scarso;Buona;Ore Diurne;0;0;0;2;12.5244;41.9405;-1;1;Autovettura privata;In marcia / fermata / arresto;Conducente;M;Illeso;0;;;
3925759;4;19/07/2018 12:10:00;Strada Urbana;VIA PIAN DI SCO;in prossimità;;del civico n.;100;;Scontro laterale fra veicoli in marcia;Rettilineo;Una carreggiata a doppio senso;Asciutto;Asfaltata;Orizzontale;Sereno;Normale;Buona;Ore Diurne;0;0;0;3;12.5186;41.9642;-1;1;Autovettura privata;In marcia / fermata / arresto;Conducente;F;Illeso;0;;Non accertato;Inesploso
3925759;4;19/07/2018 12:10:00;Strada Urbana;VIA PIAN DI SCO;in prossimità;;del civico n.;100;;Scontro laterale fra veicoli in marcia;Rettilineo;Una carreggiata a doppio senso;Asciutto;Asfaltata;Orizzontale;Sereno;Normale;Buona;Ore Diurne;0;0;0;3;12.5186;41.9642;-1;2;Autovettura privata;In marcia / fermata / arresto;Conducente;M;Illeso;0;;Non accertato;Inesploso
3925759;4;19/07/2018 12:10:00;Strada Urbana;VIA PIAN DI SCO;in prossimità;;del civico n.;100;;Scontro laterale fra veicoli in marcia;Rettilineo;Una carreggiata a doppio senso;Asciutto;Asfaltata;Orizzontale;Sereno;Normale;Buona;Ore Diurne;0;0;0;3;12.5186;41.9642;-1;3;Autovettura privata;In marcia / fermata / arresto;Conducente;F;Illeso;0;;Non accertato;Inesploso
3925761;4;19/07/2018 13:10:00;Statale;VIA SALARIA;da specificare;;;;alt ponte salario prossimità v. prati fiscali;Tamponamento;Rettilineo;Una carreggiata a senso unico di marcia;Asciutto;Asfaltata;Verticale ed orizzontale;Sereno;Normale;Buona;Ore Diurne;0;0;0;2;12.5172;41.986;-1;1;Autobus turistico;In marcia / fermata / arresto;Conducente;M;Illeso;0;;Non accertato;
3925761;4;19/07/2018 13:10:00;Statale;VIA SALARIA;da specificare;;;;alt ponte salario prossimità v. prati fiscali;Tamponamento;Rettilineo;Una carreggiata a senso unico di marcia;Asciutto;Asfaltata;Verticale ed orizzontale;Sereno;Normale;Buona;Ore Diurne;0;0;0;2;12.5172;41.986;-1;2;Autovettura privata;In marcia / fermata / arresto;Conducente;F;Illeso;0;;;
3925776;4;19/07/2018 13:50:00;Strada Urbana;VIA DEI PRATI FISCALI;all'intersezione con;VIA DI VILLA SPADA;VIA DI VILLA SPADA;;;Tamponamento;Intersezione non regolata/non segnalata;Due carreggiate;Asciutto;Asfaltata;Orizzontale;Sereno;Normale;Buona;Ore Diurne;0;0;0;2;12.5162;41.946;-1;1;Autocarro inferiore 35 q.;In marcia / fermata / arresto;Conducente;M;Illeso;0;;Non accertato;Inesploso
3925776;4;19/07/2018 13:50:00;Strada Urbana;VIA DEI PRATI FISCALI;all'intersezione con;VIA DI VILLA SPADA;VIA DI VILLA SPADA;;;Tamponamento;Intersezione non regolata/non segnalata;Due carreggiate;Asciutto;Asfaltata;Orizzontale;Sereno;Normale;Buona;Ore Diurne;0;0;0;2;12.5162;41.946;-1;2;Autovettura privata;In marcia / fermata / arresto;Conducente;M;Illeso;0;;Non accertato;
3925789;2;19/07/2018 16:10:00;Strada Urbana;LUNGOTEVERE DELL'ACQUA ACETOSA;da specificare;;;;altezza Bowling;Scontro laterale fra veicoli in marcia;Rettilineo;Una carreggiata a doppio senso;Asciutto;Asfaltata;Verticale ed orizzontale;Sereno;Normale;Buona;Ore Diurne;0;0;0;1;12.4793;41.9344;-1;1;Autovettura privata;In marcia / fermata / arresto;Conducente;F;Illeso;0;;;
3925801;5;19/07/2018 11:50:00;Strada Urbana;VIA FILIPPO FIORENTINI;da specificare;;;;direzione via Tiburtina altezza via Zincone;Scontro laterale fra veicoli in marcia;Rettilineo;Due carreggiate;Asciutto;Asfaltata;Verticale ed orizzontale;Sereno;Normale;Buona;Ore Diurne;0;0;0;4;12.5561;41.9087;-1;1;Autovettura privata;In marcia / fermata / arresto;Conducente;M;Illeso;0;;Non accertato;
3925801;5;19/07/2018 11:50:00;Strada Urbana;VIA FILIPPO FIORENTINI;da specificare;;;;direzione via Tiburtina altezza via Zincone;Scontro laterale fra veicoli in marcia;Rettilineo;Due carreggiate;Asciutto;Asfaltata;Verticale ed orizzontale;Sereno;Normale;Buona;Ore Diurne;0;0;0;4;12.5561;41.9087;-1;2;Autovettura privata;In marcia / fermata / arresto;Conducente;M;Illeso;0;;Non accertato;
3925801;5;19/07/2018 11:50:00;Strada Urbana;VIA FILIPPO FIORENTINI;da specificare;;;;direzione via Tiburtina altezza via Zincone;Scontro laterale fra veicoli in marcia;Rettilineo;Due carreggiate;Asciutto;Asfaltata;Verticale ed orizzontale;Sereno;Normale;Buona;Ore Diurne;0;0;0;4;12.5561;41.9087;-1;2;Autovettura privata;In marcia / fermata / arresto;Passeggero;M;Illeso;0;;Non accertato;
3925801;5;19/07/2018 11:50:00;Strada Urbana;VIA FILIPPO FIORENTINI;da specificare;;;;direzione via Tiburtina altezza via Zincone;Scontro laterale fra veicoli in marcia;Rettilineo;Due carreggiate;Asciutto;Asfaltata;Verticale ed orizzontale;Sereno;Normale;Buona;Ore Diurne;0;0;0;4;12.5561;41.9087;-1;2;Autovettura privata;In marcia / fermata / arresto;Passeggero;M;Illeso;0;;Non accertato;
3925802;1;19/07/2018 13:25:00;Strada Urbana;LUNGOTEVERE TOR DI NONA;in prossimità;;del civico n.;3;;Tamponamento;Rettilineo;Una carreggiata a senso unico di marcia;Asciutto;Asfaltata;Verticale ed orizzontale;Sereno;Intenso;Buona;Ore Diurne;0;0;0;2;12.4706;41.9017;-1;1;Autovettura privata;In marcia / fermata / arresto;Conducente;M;Illeso;0;;Non accertato;Inesploso
3925802;1;19/07/2018 13:25:00;Strada Urbana;LUNGOTEVERE TOR DI NONA;in prossimità;;del civico n.;3;;Tamponamento;Rettilineo;Una carreggiata a senso unico di marcia;Asciutto;Asfaltata;Verticale ed orizzontale;Sereno;Intenso;Buona;Ore Diurne;0;0;0;2;12.4706;41.9017;-1;2;Autovettura privata;In marcia / fermata / arresto;Conducente;M;Illeso;0;;Non accertato;Inesploso
3925809;2;19/07/2018 10:20:00;Strada Urbana;VIA GIAMBATTISTA VICO;all'intersezione con;VIA CESARE BECCARIA;VIA CESARE BECCARIA;;;Scontro frontale/laterale DX fra veicoli in marcia;Intersezione stradale segnalata;Una carreggiata a doppio senso;Asciutto;Asfaltata;Verticale;Sereno;Normale;Buona;Ore Diurne;0;0;0;2;12.4746;41.9128;-1;1;Autovettura privata;In marcia / fermata / arresto;Conducente;F;Illeso;0;;;
3925809;2;19/07/2018 10:20:00;Strada Urbana;VIA GIAMBATTISTA VICO;all'intersezione con;VIA CESARE BECCARIA;VIA CESARE BECCARIA;;;Scontro frontale/laterale DX fra veicoli in marcia;Intersezione stradale segnalata;Una carreggiata a doppio senso;Asciutto;Asfaltata;Verticale;Sereno;Normale;Buona;Ore Diurne;0;0;0;2;12.4746;41.9128;-1;2;Autovettura privata;In marcia / fermata / arresto;Conducente;M;Illeso;0;;;
3925810;4;19/07/2018 16:30:00;Strada Urbana;VIA UGO DELLA SETA;da specificare;;;;Pross. via R. Morandi;Veicolo in marcia contro ostacolo fisso;Rettilineo;Una carreggiata a doppio senso;Asciutto;Asfaltata;Orizzontale;Sereno;Normale;Buona;Ore Diurne;0;0;0;1;12.5252;41.961;-1;1;Autovettura privata;In marcia / fermata / arresto;Conducente;F;Illeso;0;;Non accertato;
3925813;2;19/07/2018 16:45:00;Strada Urbana;VIA NEMORENSE;all'intersezione con;PIAZZA CRATI;PIAZZA CRATI;;;Tamponamento;Incrocio;Una carreggiata a doppio senso;Asciutto;Asfaltata;Verticale ed orizzontale;Sereno;Normale;Buona;Ore Diurne;0;0;0;1;12.5107;41.9271;-1;1;Autovettura privata;In marcia / fermata / arresto;Conducente;F;Illeso;0;;Non accertato;Inesploso
3925835;1;19/07/2018 15:00:00;Strada Urbana;PIAZZA SIDNEY SONNINO;in prossimità;;del civico n.;45;;Scontro laterale fra veicoli in marcia;Rettilineo;Più di due carreggiate;Asciutto;Asfaltata;Verticale ed orizzontale;Sereno;Normale;Buona;Ore Diurne;1;0;0;1;12.4737;41.8888;-1;1;Autovettura privata;In marcia / fermata / arresto;Conducente;F;Illeso;0;;Non accertato;Inesploso