Protocollo;Gruppo;DataOraIncidente;Localizzazione1;STRADA1;Localizzazione2;STRADA2;Strada02;Chilometrica;DaSpecificare;NaturaIncidente;particolaritastrade;TipoStrada;FondoStradale;Pavimentazione;Segnaletica;CondizioneAtmosferica;Traffico;Visibilita;Illuminazione;NUM_FERITI;NUM_RISERVATA;NUM_MORTI;NUM_ILLESI;Longitudine;Latitudine;Confermato;Progressivo;TipoVeicolo;StatoVeicolo;TipoPersona;Sesso;Tipolesione;Deceduto;DecedutoDopo;CinturaCascoUtilizzato;Airbag;
3929639;4;22/07/2018 00:05:00;Provinciale entro l'abitato;VIA NOMENTANA;da specificare;;;;fronte civico 581;Tamponamento Multiplo;Rettilineo;Una carreggiata a doppio senso;Asciutto;Asfaltata;Temporanea di cantiere;Sereno;Normale;Sufficiente;Sufficiente;0;0;0;6;12.5728;41.9579;-1;2;Autovettura privata;In marcia / fermata / arresto;Conducente;F;Illeso;0;;;
3929639;4;22/07/2018 00:05:00;Provinciale entro l'abitato;VIA NOMENTANA;da specificare;;;;fronte civico 581;Tamponamento Multiplo;Rettilineo;Una carreggiata a doppio senso;Asciutto;Asfaltata;Temporanea di cantiere;Sereno;Normale;Sufficiente;Sufficiente;0;0;0;6;12.5728;41.9579;-1;2;Autovettura privata;In marcia / fermata / arresto;Passeggero;F;Illeso;0;;;
3929639;4;22/07/2018 00:05:00;Provinciale entro l'abitato;VIA NOMENTANA;da specificare;;;;fronte civico 581;Tamponamento Multiplo;Rettilineo;Una carreggiata a doppio senso;Asciutto;Asfaltata;Temporanea di cantiere;Sereno;Normale;Sufficiente;Sufficiente;0;0;0;6;12.5728;41.9579;-1;2;Autovettura privata;In marcia / fermata / arresto;Passeggero;M;Illeso;0;;;
3929639;4;22/07/2018 00:05:00;Provinciale entro l'abitato;VIA NOMENTANA;da specificare;;;;fronte civico 581;Tamponamento Multiplo;Rettilineo;Una carreggiata a doppio senso;Asciutto;Asfaltata;Temporanea di cantiere;Sereno;Normale;Sufficiente;Sufficiente;0;0;0;6;12.5728;41.9579;-1;3;Autovettura privata;In marcia / fermata / arresto;Conducente;F;Illeso;0;;;
3929639;4;22/07/2018 00:05:00;Provinciale entro l'abitato;VIA NOMENTANA;da specificare;;;;fronte civico 581;Tamponamento Multiplo;Rettilineo;Una carreggiata a doppio senso;Asciutto;Asfaltata;Temporanea di cantiere;Sereno;Normale;Sufficiente;Sufficiente;0;0;0;6;12.5728;41.9579;-1;3;Autovettura privata;In marcia / fermata / arresto;Passeggero;M;Illeso;0;;;
3929649;17;23/07/2018 14:30:00;Strada Urbana;VIA EDMONDO DE AMICIS;in prossimità;;del palo luce n.;19;;Scontro frontale/laterale DX fra veicoli in marcia;Rettilineo;Una carreggiata a doppio senso;Bagnato (umidità in atto);Asfaltata;Verticale ed orizzontale;Sereno;Intenso;Buona;Ore Diurne;1;0;0;3;12.4483;41.9326;-1;1;Autovettura privata;In marcia / fermata / arresto;Conducente;F;Illeso;0;;;
3929649;17;23/07/2018 14:30:00;Strada Urbana;VIA EDMONDO DE AMICIS;in prossimità;;del palo luce n.;19;;Scontro frontale/laterale DX fra veicoli in marcia;Rettilineo;Una carreggiata a doppio senso;Bagnato (umidità in atto);Asfaltata;Verticale ed orizzontale;Sereno;Intenso;Buona;Ore Diurne;1;0;0;3;12.4483;41.9326;-1;1;Autovettura privata;In marcia / fermata / arresto;Passeggero;M;Illeso;0;;;
3929649;17;23/07/2018 14:30:00;Strada Urbana;VIA EDMONDO DE AMICIS;in prossimità;;del palo luce n.;19;;Scontro frontale/laterale DX fra veicoli in marcia;Rettilineo;Una carreggiata a doppio senso;Bagnato (umidità in atto);Asfaltata;Verticale ed orizzontale;Sereno;Intenso;Buona;Ore Diurne;1;0;0;3;12.4483;41.9326;-1;1;Autovettura privata;In marcia / fermata / arresto;Passeggero;F;Illeso;0;;;
3929649;17;23/07/2018 14:30:00;Strada Urbana;VIA EDMONDO DE AMICIS;in prossimità;;del palo luce n.;19;;Scontro frontale/laterale DX fra veicoli in marcia;Rettilineo;Una carreggiata a doppio senso;Bagnato (umidità in atto);Asfaltata;Verticale ed orizzontale;Sereno;Intenso;Buona;Ore Diurne;1;0;0;3;12.4483;41.9326;-1;2;Motociclo a solo;In marcia / fermata / arresto;Conducente;M;Rimandato;0;NON DECEDUTO;;
3929658;1;20/07/2018 17:00:00;Strada Urbana;VIA DI S. GREGORIO;in prossimità;;del palo luce n.;13;;Tamponamento;Curva a visuale libera;Due carreggiate;Asciutto;Asfaltata;Verticale ed orizzontale;Sereno;Normale;Buona;Ore Diurne;1;0;0;1;12.4899;41.8867;-1;1;Autovettura pubblica;In marcia / fermata / arresto;Conducente;M;Illeso;0;;;Inesploso
3929658;1;20/07/2018 17:00:00;Strada Urbana;VIA DI S. GREGORIO;in prossimità;;del palo luce n.;13;;Tamponamento;Curva a visuale libera;Due carreggiate;Asciutto;Asfaltata;Verticale ed orizzontale;Sereno;Normale;Buona;Ore Diurne;1;0;0;1;12.4899;41.8867;-1;2;Motociclo a solo;In marcia / fermata / arresto;Conducente;M;Rifiuta cure immediate;0;NON DECEDUTO;Utilizzato;
3929662;16;21/07/2018 09:15:00;Strada Urbana;VIA ALESSANDRO SANTINI;all'intersezione con;VIA CARLO TINCANI;VIA CARLO TINCANI;;;Scontro frontale/laterale DX fra veicoli in marcia;Intersezione stradale segnalata;Due carreggiate;Asciutto;Asfaltata;Verticale ed orizzontale;Nuvoloso;Scarso;Buona;Ore Diurne;0;0;0;2;12.3575;41.877;-1;1;Autovettura privata;In marcia / fermata / arresto;Conducente;M;Illeso;0;;Non accertato;Inesploso
3929662;16;21/07/2018 09:15:00;Strada Urbana;VIA ALESSANDRO SANTINI;all'intersezione con;VIA CARLO TINCANI;VIA CARLO TINCANI;;;Scontro frontale/laterale DX fra veicoli in marcia;Intersezione stradale segnalata;Due carreggiate;Asciutto;Asfaltata;Verticale ed orizzontale;Nuvoloso;Scarso;Buona;Ore Diurne;0;0;0;2;12.3575;41.877;-1;2;Autovettura privata;In marcia / fermata / arresto;Conducente;M;Illeso;0;;Non accertato;Inesploso
3929692;9;23/07/2018 07:39:00;Strada Urbana;VIA TUSCOLANA;in prossimità;;del civico n.;481;;Investimento di pedone;Rettilineo;Due carreggiate;Bagnato (umidità in atto);Asfaltata;Verticale ed orizzontale;Nuvoloso;Normale;Buona;Ore Diurne;1;0;0;1;12.5395;41.8684;-1;;;;Pedone;M;Ricoverato;0;NON DECEDUTO;;
3929692;9;23/07/2018 07:39:00;Strada Urbana;VIA TUSCOLANA;in prossimità;;del civico n.;481;;Investimento di pedone;Rettilineo;Due carreggiate;Bagnato (umidità in atto);Asfaltata;Verticale ed orizzontale;Nuvoloso;Normale;Buona;Ore Diurne;1;0;0;1;12.5395;41.8684;-1;1;Autovettura privata;In marcia / fermata / arresto;Conducente;M;Illeso;0;;Non accertato;Inesploso
3929693;4;22/07/2018 07:15:00;Provinciale;VIA NOMENTANA;in prossimità;;della chilometrica;14.1;;Scontro frontale/laterale SX fra veicoli in marcia;Rettilineo;Una carreggiata a doppio senso;Asciutto;Asfaltata;Verticale ed orizzontale;Sereno;Scarso;Buona;Ore Diurne;0;0;0;3;12.5728;41.9579;-1;1;Autovettura privata;In marcia / fermata / arresto;Conducente;M;Illeso;0;;;
3929693;4;22/07/2018 07:15:00;Provinciale;VIA NOMENTANA;in prossimità;;della chilometrica;14.1;;Scontro frontale/laterale SX fra veicoli in marcia;Rettilineo;Una carreggiata a doppio senso;Asciutto;Asfaltata;Verticale ed orizzontale;Sereno;Scarso;Buona;Ore Diurne;0;0;0;3;12.5728;41.9579;-1;2;Autovettura privata;In marcia / fermata / arresto;Conducente;M;Illeso;0;;;
3929693;4;22/07/2018 07:15:00;Provinciale;VIA NOMENTANA;in prossimità;;della chilometrica;14.1;;Scontro frontale/laterale SX fra veicoli in marcia;Rettilineo;Una carreggiata a doppio senso;Asciutto;Asfaltata;Verticale ed orizzontale;Sereno;Scarso;Buona;Ore Diurne;0;0;0;3;12.5728;41.9579;-1;2;Autovettura privata;In marcia / fermata / arresto;Passeggero;M;Illeso;0;;;
3929698;16;20/07/2018 15:15:00;Strada Urbana;VIA DEI MALATESTA;in corrispondenza;;del civico n.;2;;Veicolo in marcia contro veicolo fermo;Rettilineo;Una carreggiata a senso unico di marcia;Asciutto;Asfaltata;Verticale ed orizzontale;Sereno;Scarso;Buona;Ore Diurne;0;0;0;2;12.4255;41.8816;-1;1;Autocarro inferiore 35 q.;In marcia / fermata / arresto;Conducente;M;Illeso;0;;Non accertato;Inesploso
3929698;16;20/07/2018 15:15:00;Strada Urbana;VIA DEI MALATESTA;in corrispondenza;;del civico n.;2;;Veicolo in marcia contro veicolo fermo;Rettilineo;Una carreggiata a senso unico di marcia;Asciutto;Asfaltata;Verticale ed orizzontale;Sereno;Scarso;Buona;Ore Diurne;0;0;0;2;12.4255;41.8816;-1;2;Autovettura privata;In marcia / fermata / arresto;Conducente;F;Illeso;0;;Non accertato;Inesploso
3929704;1;23/07/2018 10:45:00;Strada Urbana;VIA VENTIQUATTRO MAGGIO;in prossimità;;del civico n.;10;;Veicolo in marcia contro ostacolo accidentale;Rettilineo;Una carreggiata a doppio senso;Asciutto;In cubetti di porfido;Verticale ed orizzontale;Sereno;Normale;Buona;Ore Diurne;0;0;0;1;12.4868;41.8975;0;1;Motociclo a solo;In marcia / fermata / arresto;Conducente;F;Illeso;0;;Non accertato;
3929710;16;20/07/2018 14:40:00;Strada Urbana;VIA CAMILLO SERAFINI;all'intersezione con;VIA DI VIGNA RIGACCI;VIA DI VIGNA RIGACCI;;;Tamponamento Multiplo;Intersezione stradale segnalata;Una carreggiata a doppio senso;Asciutto;Asfaltata;Verticale ed orizzontale;Sereno;Scarso;Buona;Ore Diurne;1;0;0;2;12.4278;41.8785;-1;1;Autovettura privata;In marcia / fermata / arresto;Conducente;F;Illeso;0;;Non accertato;Inesploso
3929710;16;20/07/2018 14:40:00;Strada Urbana;VIA CAMILLO SERAFINI;all'intersezione con;VIA DI VIGNA RIGACCI;VIA DI VIGNA RIGACCI;;;Tamponamento Multiplo;Intersezione stradale segnalata;Una carreggiata a doppio senso;Asciutto;Asfaltata;Verticale ed orizzontale;Sereno;Scarso;Buona;Ore Diurne;1;0;0;2;12.4278;41.8785;-1;2;Autovettura privata;In marcia / fermata / arresto;Conducente;F;Illeso;0;;Non accertato;Inesploso
3929710;16;20/07/2018 14:40:00;Strada Urbana;VIA CAMILLO SERAFINI;all'intersezione con;VIA DI VIGNA RIGACCI;VIA DI VIGNA RIGACCI;;;Tamponamento Multiplo;Intersezione stradale segnalata;Una carreggiata a doppio senso;Asciutto;Asfaltata;Verticale ed orizzontale;Sereno;Scarso;Buona;Ore Diurne;1;0;0;2;12.4278;41.8785;-1;3;Motociclo a solo;In marcia / fermata / arresto;Conducente;F;Rimandato;0;NON DECEDUTO;Non accertato;
3929712;1;23/07/2018 10:20:00;Strada Urbana;VIA DEI NORMANNI;all'intersezione con;VIA DI S. GIOVANNI IN LATERANO;VIA DI S. GIOVANNI IN LATERANO;;;Scontro frontale/laterale SX fra veicoli in marcia;Incrocio;Una carreggiata a senso unico di marcia;Asciutto;In cubetti di porfido;Verticale ed orizzontale;Sereno;Normale;Buona;Ore Diurne;0;0;0;2;12.4968;41.8894;0;1;Autovettura privata;In marcia / fermata / arresto;Conducente;M;Illeso;0;;Non accertato;Inesploso
3929712;1;23/07/2018 10:20:00;Strada Urbana;VIA DEI NORMANNI;all'intersezione con;VIA DI S. GIOVANNI IN LATERANO;VIA DI S. GIOVANNI IN LATERANO;;;Scontro frontale/laterale SX fra veicoli in marcia;Incrocio;Una carreggiata a senso unico di marcia;Asciutto;In cubetti di porfido;Verticale ed orizzontale;Sereno;Normale;Buona;Ore Diurne;0;0;0;2;12.4968;41.8894;0;2;Autovettura privata;In marcia / fermata / arresto;Conducente;M;Illeso;0;;Non accertato;Esploso
3929726;12;16/07/2018 08:15:00;Strada Urbana;VIALE DELLA GRANDE MURAGLIA;in prossimità;;del civico n.;498;;Veicolo in marcia contro veicolo in sosta;Curva a visuale libera;Due carreggiate;Asciutto;Asfaltata;Orizzontale;Nuvoloso;Scarso;Buona;Ore Diurne;0;0;0;2;12.4394;41.8102;-1;1;Autovettura privata;In marcia / fermata / arresto;Conducente;F;Illeso;0;;Non accertato;Inesploso
3929726;12;16/07/2018 08:15:00;Strada Urbana;VIALE DELLA GRANDE MURAGLIA;in prossimità;;del civico n.;498;;Veicolo in marcia contro veicolo in sosta;Curva a visuale libera;Due carreggiate;Asciutto;Asfaltata;Orizzontale;Nuvoloso;Scarso;Buona;Ore Diurne;0;0;0;2;12.4394;41.8102;-1;1;Autovettura privata;In marcia / fermata / arresto;Passeggero;M;Illeso;0;;Non accertato;Inesploso
3929734;15;23/07/2018 09:15:00;Strada Urbana;VICOLO DEL FOSSO DI PAPA LEONE;in prossimità;;del civico n.;67;;Tamponamento;Rettilineo;Una carreggiata a doppio senso;Bagnato (pioggia);Asfaltata;Orizzontale;Sereno;Scarso;Buona;Ore Diurne;1;0;0;2;12.4429;41.8355;-1;1;Altro;In marcia / fermata / arresto;Conducente;M;Rimandato;0;NON DECEDUTO;Utilizzato;Inesploso
3929734;15;23/07/2018 09:15:00;Strada Urbana;VICOLO DEL FOSSO DI PAPA LEONE;in prossimità;;del civico n.;67;;Tamponamento;Rettilineo;Una carreggiata a doppio senso;Bagnato (pioggia);Asfaltata;Orizzontale;Sereno;Scarso;Buona;Ore Diurne;1;0;0;2;12.4429;41.8355;-1;1;Altro;In marcia / fermata / arresto;Passeggero;F;Illeso;0;;Utilizzato;Inesploso
3929734;15;23/07/2018 09:15:00;Strada Urbana;VICOLO DEL FOSSO DI PAPA LEONE;in prossimità;;del civico n.;67;;Tamponamento;Rettilineo;Una carreggiata a doppio senso;Bagnato (pioggia);Asfaltata;Orizzontale;Sereno;Scarso;Buona;Ore Diurne;1;0;0;2;12.4429;41.8355;-1;2;Autovettura privata;In marcia / fermata / arresto;Conducente;M;Illeso;0;;Non accertato;Inesploso
3929746;19;23/07/2018 16:45:00;Strada Urbana;VIA SIMONE MOSCA;in prossimità;;del civico n.;83;;Scontro laterale fra veicoli in marcia;Rettilineo;Una carreggiata a senso unico di marcia;Asciutto;Asfaltata;Assente;Sereno;Scarso;Buona;Ore Diurne;0;0;0;3;12.4186;41.9284;-1;1;Autovettura privata;In marcia / fermata / arresto;Conducente;F;Illeso;0;;;
3929746;19;23/07/2018 16:45:00;Strada Urbana;VIA SIMONE MOSCA;in prossimità;;del civico n.;83;;Scontro laterale fra veicoli in marcia;Rettilineo;Una carreggiata a senso unico di marcia;Asciutto;Asfaltata;Assente;Sereno;Scarso;Buona;Ore Diurne;0;0;0;3;12.4186;41.9284;-1;1;Autovettura privata;In marcia / fermata / arresto;Passeggero;M;Illeso;0;;;
3929746;19;23/07/2018 16:45:00;Strada Urbana;VIA SIMONE MOSCA;in prossimità;;del civico n.;83;;Scontro laterale fra veicoli in marcia;Rettilineo;Una carreggiata a senso unico di marcia;Asciutto;Asfaltata;Assente;Sereno;Scarso;Buona;Ore Diurne;0;0;0;3;12.4186;41.9284;-1;2;Autovettura privata;In marcia / fermata / arresto;Conducente;F;Illeso;0;;;
3929759;15;23/07/2018 10:00:00;Strada Urbana;LUNGOTEVERE DI PIETRA PAPA;all'intersezione con;VIA AVICENNA;VIA AVICENNA;;;Scontro laterale fra veicoli in marcia;Incrocio;Una carreggiata a doppio senso;Asciutto;Asfaltata;Orizzontale;Sereno;Normale;Buona;Ore Diurne;0;0;0;3;12.4743;41.8629;-1;1;Autocarro inferiore 35 q.;In marcia / fermata / arresto;Conducente;M;Illeso;0;;;
3929759;15;23/07/2018 10:00:00;Strada Urbana;LUNGOTEVERE DI PIETRA PAPA;all'intersezione con;VIA AVICENNA;VIA AVICENNA;;;Scontro laterale fra veicoli in marcia;Incrocio;Una carreggiata a doppio senso;Asciutto;Asfaltata;Orizzontale;Sereno;Normale;Buona;Ore Diurne;0;0;0;3;12.4743;41.8629;-1;1;Autocarro inferiore 35 q.;In marcia / fermata / arresto;Passeggero;M;Illeso;0;;;
3929759;15;23/07/2018 10:00:00;Strada Urbana;LUNGOTEVERE DI PIETRA PAPA;all'intersezione con;VIA AVICENNA;VIA AVICENNA;;;Scontro laterale fra veicoli in marcia;Incrocio;Una carreggiata a doppio senso;Asciutto;Asfaltata;Orizzontale;Sereno;Normale;Buona;Ore Diurne;0;0;0;3;12.4743;41.8629;-1;2;Autovettura privata;In marcia / fermata / arresto;Conducente;F;Illeso;0;;;
3929768;6;23/07/2018 18:30:00;Statale entro l'abitato;VIA CASILINA;all'intersezione con;VIA GABRIO SERBELLONI;VIA GABRIO SERBELLONI;;;Scontro laterale fra veicoli in marcia;Incrocio;Due carreggiate;Asciutto;Asfaltata;Verticale ed orizzontale;Sereno;Normale;Buona;Ore Diurne;1;0;0;2;12.5413;41.8805;-1;1;Motociclo a solo;In marcia / fermata / arresto;Conducente;M;Rimandato;0;NON DECEDUTO;Non accertato;
3929768;6;23/07/2018 18:30:00;Statale entro l'abitato;VIA CASILINA;all'intersezione con;VIA GABRIO SERBELLONI;VIA GABRIO SERBELLONI;;;Scontro laterale fra veicoli in marcia;Incrocio;Due carreggiate;Asciutto;Asfaltata;Verticale ed orizzontale;Sereno;Normale;Buona;Ore Diurne;1;0;0;2;12.5413;41.8805;-1;2;Autovettura privata;In marcia / fermata / arresto;Conducente;M;Illeso;0;;Non accertato;Inesploso
3929768;6;23/07/2018 18:30:00;Statale entro l'abitato;VIA CASILINA;all'intersezione con;VIA GABRIO SERBELLONI;VIA GABRIO SERBELLONI;;;Scontro laterale fra veicoli in marcia;Incrocio;Due carreggiate;Asciutto;Asfaltata;Verticale ed orizzontale;Sereno;Normale;Buona;Ore Diurne;1;0;0;2;12.5413;41.8805;-1;3;Autovettura privata;In marcia / fermata / arresto;Conducente;F;Illeso;0;;Non accertato;Inesploso
3929815;15;23/07/2018 15:45:00;Strada Urbana;VIA DEL TRULLO;all'intersezione con;VIA SARZANA;VIA SARZANA;;;Scontro frontale/laterale SX fra veicoli in marcia;Incrocio;Due carreggiate;Asciutto;Asfaltata;Assente;Sereno;Normale;Buona;Ore Diurne;1;0;0;2;12.4368;41.843;-1;1;Autovettura privata;In marcia / fermata / arresto;Conducente;M;Illeso;0;;Non accertato;Inesploso
3929815;15;23/07/2018 15:45:00;Strada Urbana;VIA DEL TRULLO;all'intersezione con;VIA SARZANA;VIA SARZANA;;;Scontro frontale/laterale SX fra veicoli in marcia;Incrocio;Due carreggiate;Asciutto;Asfaltata;Assente;Sereno;Normale;Buona;Ore Diurne;1;0;0;2;12.4368;41.843;-1;2;Motociclo con passeggero;In marcia / fermata / arresto;Conducente;M;Rimandato;0;NON DECEDUTO;Non accertato;
3929815;15;23/07/2018 15:45:00;Strada Urbana;VIA DEL TRULLO;all'intersezione con;VIA SARZANA;VIA SARZANA;;;Scontro frontale/laterale SX fra veicoli in marcia;Incrocio;Due carreggiate;Asciutto;Asfaltata;Assente;Sereno;Normale;Buona;Ore Diurne;1;0;0;2;12.4368;41.843;-1;2;Motociclo con passeggero;In marcia / fermata / arresto;Passeggero;M;Illeso;0;;Utilizzato;
3929848;19;23/07/2018 18:10:00;Strada Urbana;VIA DI CASAL DEL MARMO;in prossimità;;del civico n.;456;;Scontro laterale fra veicoli in marcia;Rettilineo;Una carreggiata a doppio senso;Asciutto;Asfaltata;Assente;Sereno;Scarso;Buona;Ore Diurne;0;0;0;1;12.3899;41.9435;-1;1;Autovettura privata;In marcia / fermata / arresto;Conducente;M;Illeso;0;;;
3929862;19;23/07/2018 17:15:00;Strada Urbana;VIA TRIONFALE;da specificare;;;;altezza Via Piancastelli;Tamponamento;Rettilineo;Una carreggiata a doppio senso;Asciutto;Asfaltata;Verticale ed orizzontale;Sereno;Normale;Buona;Ore Diurne;0;0;0;3;12.4186;41.9443;-1;1;Autovettura privata;In marcia / fermata / arresto;Conducente;M;Illeso;0;;;
3929862;19;23/07/2018 17:15:00;Strada Urbana;VIA TRIONFALE;da specificare;;;;altezza Via Piancastelli;Tamponamento;Rettilineo;Una carreggiata a doppio senso;Asciutto;Asfaltata;Verticale ed orizzontale;Sereno;Normale;Buona;Ore Diurne;0;0;0;3;12.4186;41.9443;-1;1;Autovettura privata;In marcia / fermata / arresto;Passeggero;F;Illeso;0;;;
3929862;19;23/07/2018 17:15:00;Strada Urbana;VIA TRIONFALE;da specificare;;;;altezza Via Piancastelli;Tamponamento;Rettilineo;Una carreggiata a doppio senso;Asciutto;Asfaltata;Verticale ed orizzontale;Sereno;Normale;Buona;Ore Diurne;0;0;0;3;12.4186;41.9443;-1;2;Autovettura privata;In marcia / fermata / arresto;Conducente;M;Illeso;0;;;
3930167;9;23/07/2018 16:10:00;Strada Urbana;PIAZZA TUSCOLO;da specificare;;;;fronte civico .9;Scontro laterale fra veicoli in marcia;Rotatoria;Una carreggiata a senso unico di marcia;Asciutto;Asfaltata;Verticale ed orizzontale;Sereno;Normale;Buona;Ore Diurne;0;0;0;3;12.5082;41.8804;-1;1;Autovettura pubblica;In marcia / fermata / arresto;Conducente;M;Illeso;0;;Non accertato;Inesploso
3930167;9;23/07/2018 16:10:00;Strada Urbana;PIAZZA TUSCOLO;da specificare;;;;fronte civico .9;Scontro laterale fra veicoli in marcia;Rotatoria;Una carreggiata a senso unico di marcia;Asciutto;Asfaltata;Verticale ed orizzontale;Sereno;Normale;Buona;Ore Diurne;0;0;0;3;12.5082;41.8804;-1;2;Autovettura privata;In marcia / fermata / arresto;Conducente;M;Illeso;0;;Non accertato;Inesploso
3930167;9;23/07/2018 16:10:00;Strada Urbana;PIAZZA TUSCOLO;da specificare;;;;fronte civico .9;Scontro laterale fra veicoli in marcia;Rotatoria;Una carreggiata a senso unico di marcia;Asciutto;Asfaltata;Verticale ed orizzontale;Sereno;Normale;Buona;Ore Diurne;0;0;0;3;12.5082;41.8804;-1;2;Autovettura privata;In marcia / fermata / arresto;Passeggero;F;Illeso;0;;Non accertato;Inesploso
3930169;8;23/07/2018 08:00:00;;VIA CASILINA;in prossimità;;del civico n.;1118;;Tamponamento Multiplo;;;;;;;;;;1;0;0;4;12.5983;41.8659;0;1;Autovettura privata;In marcia / fermata / arresto;Conducente;M;Illeso;0;;Non accertato;Inesploso
3930169;8;23/07/2018 08:00:00;;VIA CASILINA;in prossimità;;del civico n.;1118;;Tamponamento Multiplo;;;;;;;;;;1;0;0;4;12.5983;41.8659;0;2;Autovettura privata;In marcia / fermata / arresto;Conducente;M;Illeso;0;;Non accertato;Inesploso
3930169;8;23/07/2018 08:00:00;;VIA CASILINA;in prossimità;;del civico n.;1118;;Tamponamento Multiplo;;;;;;;;;;1;0;0;4;12.5983;41.8659;0;2;Autovettura privata;In marcia / fermata / arresto;Passeggero;M;Rimandato;0;NON DECEDUTO;Non accertato;Inesploso
3930169;8;23/07/2018 08:00:00;;VIA CASILINA;in prossimità;;del civico n.;1118;;Tamponamento Multiplo;;;;;;;;;;1;0;0;4;12.5983;41.8659;0;3;Autocarro inferiore 35 q.;In marcia / fermata / arresto;Conducente;M;Illeso;0;;Non accertato;Inesploso
3930169;8;23/07/2018 08:00:00;;VIA CASILINA;in prossimità;;del civico n.;1118;;Tamponamento Multiplo;;;;;;;;;;1;0;0;4;12.5983;41.8659;0;3;Autocarro inferiore 35 q.;In marcia / fermata / arresto;Passeggero;M;Illeso;0;;Non accertato;Inesploso
3930174;8;23/07/2018 09:40:00;;VIA ATLANTE;all'intersezione con;VIA ACHEMENIDE;VIA ACHEMENIDE;;;Scontro frontale/laterale DX fra veicoli in marcia;;;;;;;;;;0;0;0;3;;;0;1;Autovettura privata;In marcia / fermata / arresto;Conducente;M;Illeso;0;;Non accertato;Inesistente
3930174;8;23/07/2018 09:40:00;;VIA ATLANTE;all'intersezione con;VIA ACHEMENIDE;VIA ACHEMENIDE;;;Scontro frontale/laterale DX fra veicoli in marcia;;;;;;;;;;0;0;0;3;;;0;1;Autovettura privata;In marcia / fermata / arresto;Passeggero;F;Illeso;0;;Utilizzato;Inesploso
3930174;8;23/07/2018 09:40:00;;VIA ATLANTE;all'intersezione con;VIA ACHEMENIDE;VIA ACHEMENIDE;;;Scontro frontale/laterale DX fra veicoli in marcia;;;;;;;;;;0;0;0;3;;;0;2;Autovettura privata;In marcia / fermata / arresto;Conducente;M;Illeso;0;;Non accertato;Inesploso
3930179;8;23/07/2018 11:45:00;Strada Urbana;VIA FOLIGNANO;in prossimità;;del civico n.;60;;Scontro frontale fra veicoli in marcia;Rettilineo;Una carreggiata a doppio senso;Asciutto;Asfaltata;Assente;Sereno;Scarso;Buona;Ore Diurne;0;0;0;2;12.726;41.9158;-1;1;Autovettura privata;In marcia / fermata / arresto;Conducente;M;Illeso;0;;Non accertato;Inesploso
3930179;8;23/07/2018 11:45:00;Strada Urbana;VIA FOLIGNANO;in prossimità;;del civico n.;60;;Scontro frontale fra veicoli in marcia;Rettilineo;Una carreggiata a doppio senso;Asciutto;Asfaltata;Assente;Sereno;Scarso;Buona;Ore Diurne;0;0;0;2;12.726;41.9158;-1;2;Autovettura privata;In marcia / fermata / arresto;Conducente;M;Illeso;0;;Non accertato;Inesploso
3930187;8;23/07/2018 13:00:00;Strada Urbana;VIA MESORACA;in prossimità;;del civico n.;74;;Veicolo in marcia contro veicolo fermo;Rettilineo;Una carreggiata a doppio senso;Asciutto;Asfaltata;Assente;Nuvoloso;Scarso;Buona;Ore Diurne;0;0;0;2;12.6767;41.8706;-1;1;Autovettura privata;In marcia / fermata / arresto;Conducente;M;Illeso;0;;Non accertato;Inesploso
3930187;8;23/07/2018 13:00:00;Strada Urbana;VIA MESORACA;in prossimità;;del civico n.;74;;Veicolo in marcia contro veicolo fermo;Rettilineo;Una carreggiata a doppio senso;Asciutto;Asfaltata;Assente;Nuvoloso;Scarso;Buona;Ore Diurne;0;0;0;2;12.6767;41.8706;-1;2;Autocarro inferiore 35 q.;In marcia / fermata / arresto;Conducente;M;Illeso;0;;Non accertato;Inesploso
3930189;8;23/07/2018 17:50:00;;VIA DI TOR VERGATA;da specificare;;;;direzione Tuscolana pross. palo luce 129;Veicolo in marcia contro ostacolo accidentale;;;;;;;;;;0;0;0;1;;;0;1;Autovettura privata;In marcia / fermata / arresto;Conducente;M;Illeso;0;;Non accertato;Inesploso
3930195;9;23/07/2018 18:25:00;;VIA MESOPOTAMIA;in corrispondenza;;del civico n.;2;;Veicolo in marcia contro veicolo in sosta;;;;;;;;;;0;0;0;1;;;0;1;Autovettura privata;In marcia / fermata / arresto;Conducente;M;Illeso;0;;;
3930199;8;23/07/2018 19:15:00;Strada Urbana;VIA CASILINA;in prossimità;;del civico n.;1757;;Tamponamento Multiplo;Rettilineo;Una carreggiata a doppio senso;Asciutto;Asfaltata;Verticale ed orizzontale;Sereno;Normale;Buona;Ore Diurne;2;0;0;3;12.6744;41.8639;-1;1;Autovettura privata;In marcia / fermata / arresto;Conducente;M;Rimandato;0;NON DECEDUTO;Non accertato;Inesploso
3930199;8;23/07/2018 19:15:00;Strada Urbana;VIA CASILINA;in prossimità;;del civico n.;1757;;Tamponamento Multiplo;Rettilineo;Una carreggiata a doppio senso;Asciutto;Asfaltata;Verticale ed orizzontale;Sereno;Normale;Buona;Ore Diurne;2;0;0;3;12.6744;41.8639;-1;2;Autovettura privata;In marcia / fermata / arresto;Conducente;M;Illeso;0;;Non accertato;Inesploso