Protocollo;Gruppo;DataOraIncidente;Localizzazione1;STRADA1;Localizzazione2;STRADA2;Strada02;Chilometrica;DaSpecificare;NaturaIncidente;particolaritastrade;TipoStrada;FondoStradale;Pavimentazione;Segnaletica;CondizioneAtmosferica;Traffico;Visibilita;Illuminazione;NUM_FERITI;NUM_RISERVATA;NUM_MORTI;NUM_ILLESI;Longitudine;Latitudine;Confermato;Progressivo;TipoVeicolo;StatoVeicolo;TipoPersona;Sesso;Tipolesione;Deceduto;DecedutoDopo;CinturaCascoUtilizzato;Airbag;
3933020;2;25/07/2018 13:45:00;Strada Urbana;VIA DEI MONTI PARIOLI;all'intersezione con;VIA PIETRO PAOLO RUBENS;VIA PIETRO PAOLO RUBENS;;;Veicolo in marcia contro ostacolo accidentale;Incrocio;Una carreggiata a senso unico di marcia;Asciutto;Asfaltata;Verticale ed orizzontale;Sereno;Scarso;Buona;Ore Diurne;2;0;0;0;12.4761;41.9233;-1;1;Motociclo con passeggero;In marcia / fermata / arresto;Passeggero;F;Rimandato;0;NON DECEDUTO;;
3933023;2;25/07/2018 17:10:00;Strada Urbana;VIA SALARIA;in prossimità;;del civico n.;231;;Veicolo in marcia contro veicoli in sosta;Rettilineo;Due carreggiate;Asciutto;Asfaltata;Verticale ed orizzontale;Sereno;Normale;Buona;Ore Diurne;0;0;0;1;12.4992;41.921;-1;1;Autovettura privata;In marcia / fermata / arresto;Conducente;M;Illeso;0;;Non accertato;Inesploso
3933026;17;25/07/2018 15:30:00;Strada Urbana;PIAZZALE DEGLI EROI;da specificare;;;;fronte Via V.Pisani;Scontro laterale fra veicoli in marcia;Rettilineo;Una carreggiata a senso unico di marcia;Asciutto;Asfaltata;Verticale ed orizzontale;Sereno;Normale;Buona;Ore Diurne;1;0;0;2;12.4485;41.9092;-1;1;Motociclo a solo;In marcia / fermata / arresto;Conducente;M;Illeso;0;;;
3933026;17;25/07/2018 15:30:00;Strada Urbana;PIAZZALE DEGLI EROI;da specificare;;;;fronte Via V.Pisani;Scontro laterale fra veicoli in marcia;Rettilineo;Una carreggiata a senso unico di marcia;Asciutto;Asfaltata;Verticale ed orizzontale;Sereno;Normale;Buona;Ore Diurne;1;0;0;2;12.4485;41.9092;-1;1;Motociclo a solo;In marcia / fermata / arresto;Passeggero;F;Illeso;0;;;
3933026;17;25/07/2018 15:30:00;Strada Urbana;PIAZZALE DEGLI EROI;da specificare;;;;fronte Via V.Pisani;Scontro laterale fra veicoli in marcia;Rettilineo;Una carreggiata a senso unico di marcia;Asciutto;Asfaltata;Verticale ed orizzontale;Sereno;Normale;Buona;Ore Diurne;1;0;0;2;12.4485;41.9092;-1;2;Motociclo a solo;In marcia / fermata / arresto;Conducente;F;Rimandato;0;NON DECEDUTO;;
3933041;12;25/07/2018 19:25:00;Strada Urbana;VIALE CAMILLO SABATINI;all'intersezione semaforizzata con;VIALE ROMUALDO CHIESA;VIALE ROMUALDO CHIESA;;;Tamponamento;Intersezione semaforizzata;Due carreggiate;Asciutto;Asfaltata;Verticale ed orizzontale;Sereno;Normale;Buona;Ore Diurne;0;0;0;2;12.4417;41.8195;-1;1;Autovettura privata;In marcia / fermata / arresto;Conducente;F;Illeso;0;;Non accertato;Inesploso
3933041;12;25/07/2018 19:25:00;Strada Urbana;VIALE CAMILLO SABATINI;all'intersezione semaforizzata con;VIALE ROMUALDO CHIESA;VIALE ROMUALDO CHIESA;;;Tamponamento;Intersezione semaforizzata;Due carreggiate;Asciutto;Asfaltata;Verticale ed orizzontale;Sereno;Normale;Buona;Ore Diurne;0;0;0;2;12.4417;41.8195;-1;2;Autovettura privata;In marcia / fermata / arresto;Conducente;M;Illeso;0;;Non accertato;Inesploso
3933352;12;25/07/2018 20:00:00;Statale;VIA PONTINA;da specificare;;;;svincolo pross Via di Acqua Acetosa Ostiense;Veicolo in marcia contro ostacolo accidentale;Curva senza visuale libera;Una carreggiata a senso unico di marcia;Asciutto;Con buche;Assente;Sereno;Normale;Buona;Ore Diurne;0;0;0;1;12.456;41.8065;-1;1;Motociclo a solo;In marcia / fermata / arresto;Conducente;M;Illeso;0;;Non accertato;
3933371;13;25/07/2018 09:00:00;Strada Urbana;VIALE DEI ROMAGNOLI;da specificare;;;;prossimita' via Di San Francesco;Tamponamento Multiplo;Rettilineo;Una carreggiata a doppio senso;Asciutto;Asfaltata;Verticale ed orizzontale;Sereno;Normale;Buona;Ore Diurne;0;0;0;3;12.2838;41.7402;-1;1;Autovettura privata;In marcia / fermata / arresto;Conducente;F;Illeso;0;;Non accertato;Esploso
3933371;13;25/07/2018 09:00:00;Strada Urbana;VIALE DEI ROMAGNOLI;da specificare;;;;prossimita' via Di San Francesco;Tamponamento Multiplo;Rettilineo;Una carreggiata a doppio senso;Asciutto;Asfaltata;Verticale ed orizzontale;Sereno;Normale;Buona;Ore Diurne;0;0;0;3;12.2838;41.7402;-1;2;Autovettura privata;In marcia / fermata / arresto;Conducente;F;Illeso;0;;Non accertato;Inesploso
3933371;13;25/07/2018 09:00:00;Strada Urbana;VIALE DEI ROMAGNOLI;da specificare;;;;prossimita' via Di San Francesco;Tamponamento Multiplo;Rettilineo;Una carreggiata a doppio senso;Asciutto;Asfaltata;Verticale ed orizzontale;Sereno;Normale;Buona;Ore Diurne;0;0;0;3;12.2838;41.7402;-1;3;Autovettura privata;In marcia / fermata / arresto;Conducente;M;Illeso;0;;Non accertato;Inesploso
3933383;6;25/07/2018 23:32:00;Strada Urbana;VIA LICINIO STOLONE;all'intersezione con;VIA STATILIO OTTATO;VIA STATILIO OTTATO;;;Scontro frontale/laterale DX fra veicoli in marcia;Incrocio;Una carreggiata a senso unico di marcia;Asciutto;Asfaltata;Verticale ed orizzontale;Sereno;Normale;Buona;Sufficiente;1;0;0;1;12.5674;41.8557;-1;1;Autovettura privata;In marcia / fermata / arresto;Conducente;F;Illeso;0;;;
3933383;6;25/07/2018 23:32:00;Strada Urbana;VIA LICINIO STOLONE;all'intersezione con;VIA STATILIO OTTATO;VIA STATILIO OTTATO;;;Scontro frontale/laterale DX fra veicoli in marcia;Incrocio;Una carreggiata a senso unico di marcia;Asciutto;Asfaltata;Verticale ed orizzontale;Sereno;Normale;Buona;Sufficiente;1;0;0;1;12.5674;41.8557;-1;2;Autovettura privata;In marcia / fermata / arresto;Conducente;M;Rimandato;0;NON DECEDUTO;;
3933398;13;25/07/2018 10:15:00;Strada Urbana;LUNGOMARE PAOLO TOSCANELLI;all'intersezione con;VIA DEGLI ALDOBRANDINI;VIA DEGLI ALDOBRANDINI;;;Scontro frontale/laterale DX fra veicoli in marcia;Incrocio;Due carreggiate;Asciutto;Asfaltata;Verticale;Sereno;Normale;Buona;Ore Diurne;0;0;0;2;12.2754;41.7301;-1;1;Autovettura privata;In marcia / fermata / arresto;Conducente;M;Illeso;0;;Non accertato;Inesploso
3933398;13;25/07/2018 10:15:00;Strada Urbana;LUNGOMARE PAOLO TOSCANELLI;all'intersezione con;VIA DEGLI ALDOBRANDINI;VIA DEGLI ALDOBRANDINI;;;Scontro frontale/laterale DX fra veicoli in marcia;Incrocio;Due carreggiate;Asciutto;Asfaltata;Verticale;Sereno;Normale;Buona;Ore Diurne;0;0;0;2;12.2754;41.7301;-1;2;Autovettura privata;In marcia / fermata / arresto;Conducente;F;Illeso;0;;Non accertato;Esploso
3933411;11;25/07/2018 09:55:00;Strada Urbana;VIA LAURENTINA;all'intersezione con;VIALE DELLA MUSICA;VIALE DELLA MUSICA;;;Scontro frontale/laterale SX fra veicoli in marcia;Intersezione non regolata/non segnalata;Due carreggiate;Asciutto;Asfaltata;Verticale ed orizzontale;Sereno;Normale;Buona;Ore Diurne;0;0;0;2;12.4808;41.8325;-1;1;Autovettura privata;In marcia / fermata / arresto;Conducente;F;Illeso;0;;Non accertato;Inesploso
3933411;11;25/07/2018 09:55:00;Strada Urbana;VIA LAURENTINA;all'intersezione con;VIALE DELLA MUSICA;VIALE DELLA MUSICA;;;Scontro frontale/laterale SX fra veicoli in marcia;Intersezione non regolata/non segnalata;Due carreggiate;Asciutto;Asfaltata;Verticale ed orizzontale;Sereno;Normale;Buona;Ore Diurne;0;0;0;2;12.4808;41.8325;-1;2;Autovettura privata;In marcia / fermata / arresto;Conducente;F;Illeso;0;;Non accertato;Inesploso
3933413;6;26/07/2018 07:10:00;Strada Urbana;VIA DIGNANO D'ISTRIA;in prossimità;;del civico n.;63;;Scontro laterale fra veicoli in marcia;Rettilineo;Una carreggiata a senso unico di marcia;Asciutto;Asfaltata;Orizzontale;Sereno;Scarso;Buona;Ore Diurne;0;0;0;3;12.5506;41.8952;-1;1;Autovettura privata;In marcia / fermata / arresto;Conducente;F;Illeso;0;;Non accertato;Inesploso
3933413;6;26/07/2018 07:10:00;Strada Urbana;VIA DIGNANO D'ISTRIA;in prossimità;;del civico n.;63;;Scontro laterale fra veicoli in marcia;Rettilineo;Una carreggiata a senso unico di marcia;Asciutto;Asfaltata;Orizzontale;Sereno;Scarso;Buona;Ore Diurne;0;0;0;3;12.5506;41.8952;-1;2;Autovettura privata;In marcia / fermata / arresto;Conducente;M;Illeso;0;;Non accertato;Inesploso
3933413;6;26/07/2018 07:10:00;Strada Urbana;VIA DIGNANO D'ISTRIA;in prossimità;;del civico n.;63;;Scontro laterale fra veicoli in marcia;Rettilineo;Una carreggiata a senso unico di marcia;Asciutto;Asfaltata;Orizzontale;Sereno;Scarso;Buona;Ore Diurne;0;0;0;3;12.5506;41.8952;-1;2;Autovettura privata;In marcia / fermata / arresto;Passeggero;F;Illeso;0;;Non accertato;Inesploso
3933421;13;25/07/2018 12:45:00;Strada Urbana;VIA DELLA CORAZZATA;in corrispondenza;;del civico n.;57;;Scontro laterale fra veicoli in marcia;Rettilineo;Una carreggiata a doppio senso;Asciutto;Asfaltata;Verticale ed orizzontale;Sereno;Normale;Buona;Ore Diurne;0;0;0;4;12.2632;41.7365;-1;1;Autovettura privata;In marcia / fermata / arresto;Conducente;M;Illeso;0;;Non accertato;Inesploso
3933421;13;25/07/2018 12:45:00;Strada Urbana;VIA DELLA CORAZZATA;in corrispondenza;;del civico n.;57;;Scontro laterale fra veicoli in marcia;Rettilineo;Una carreggiata a doppio senso;Asciutto;Asfaltata;Verticale ed orizzontale;Sereno;Normale;Buona;Ore Diurne;0;0;0;4;12.2632;41.7365;-1;2;Autovettura privata;In marcia / fermata / arresto;Conducente;F;Illeso;0;;Non accertato;Inesploso
3933421;13;25/07/2018 12:45:00;Strada Urbana;VIA DELLA CORAZZATA;in corrispondenza;;del civico n.;57;;Scontro laterale fra veicoli in marcia;Rettilineo;Una carreggiata a doppio senso;Asciutto;Asfaltata;Verticale ed orizzontale;Sereno;Normale;Buona;Ore Diurne;0;0;0;4;12.2632;41.7365;-1;2;Autovettura privata;In marcia / fermata / arresto;Passeggero;F;Illeso;0;;Non accertato;
3933421;13;25/07/2018 12:45:00;Strada Urbana;VIA DELLA CORAZZATA;in corrispondenza;;del civico n.;57;;Scontro laterale fra veicoli in marcia;Rettilineo;Una carreggiata a doppio senso;Asciutto;Asfaltata;Verticale ed orizzontale;Sereno;Normale;Buona;Ore Diurne;0;0;0;4;12.2632;41.7365;-1;2;Autovettura privata;In marcia / fermata / arresto;Passeggero;M;Illeso;0;;Non accertato;
3933423;8;25/07/2018 10:45:00;Strada Urbana;VIALE PAOLO FERDINANDO QUAGLIA;in prossimità;;del civico n.;166;;Veicolo in marcia contro veicolo fermo;Rettilineo;Una carreggiata a doppio senso;Asciutto;Asfaltata;Assente;Sereno;Normale;Buona;Ore Diurne;0;0;0;1;12.6404;41.868;-1;1;Autocarro inferiore 35 q.;In marcia / fermata / arresto;Conducente;M;Illeso;0;;;
3933438;6;25/07/2018 20:55:00;Strada Urbana;VIA DELLE CASE ROSSE;in prossimità;;del civico n.;91;;Scontro frontale/laterale SX fra veicoli in marcia;Rettilineo;Una carreggiata a doppio senso;Asciutto;Asfaltata;Verticale ed orizzontale;Sereno;Scarso;Buona;Sufficiente;0;0;0;1;12.6386;41.929;-1;1;Autovettura privata;In marcia / fermata / arresto;Conducente;M;Illeso;0;;;
3933440;20;25/07/2018 13:45:00;Strada Urbana;VIA CASSIA;in prossimità;;del civico n.;1281;;Veicolo in marcia contro ostacolo fisso;Rettilineo;Una carreggiata a senso unico di marcia;Asciutto;Asfaltata;Verticale ed orizzontale;Sereno;Scarso;Buona;Ore Diurne;1;0;0;0;12.4081;41.9843;-1;1;Motociclo a solo;In marcia / fermata / arresto;Conducente;M;Rimandato;0;NON DECEDUTO;Utilizzato;
3933443;13;25/07/2018 13:40:00;Strada Urbana;VIA DI MACCHIA SAPONARA;all'intersezione con;VIA BRUNO MOLAJOLI;VIA BRUNO MOLAJOLI;;;Scontro frontale fra veicoli in marcia;Incrocio;Una carreggiata a doppio senso;Asciutto;Asfaltata;Verticale ed orizzontale;Sereno;Normale;Buona;Ore Diurne;1;0;0;1;12.3576;41.7675;-1;1;Autovettura privata;In marcia / fermata / arresto;Conducente;M;Illeso;0;;Non accertato;Inesploso
3933443;13;25/07/2018 13:40:00;Strada Urbana;VIA DI MACCHIA SAPONARA;all'intersezione con;VIA BRUNO MOLAJOLI;VIA BRUNO MOLAJOLI;;;Scontro frontale fra veicoli in marcia;Incrocio;Una carreggiata a doppio senso;Asciutto;Asfaltata;Verticale ed orizzontale;Sereno;Normale;Buona;Ore Diurne;1;0;0;1;12.3576;41.7675;-1;2;Motociclo a solo;In marcia / fermata / arresto;Conducente;M;Rimandato;0;NON DECEDUTO;Non accertato;
3933459;18;25/07/2018 17:15:00;Strada Urbana;VIA DI CASAL SELCE;in prossimità;;del palo luce n.;193;;Veicolo in marcia contro ostacolo accidentale;Curva a visuale libera;Una carreggiata a doppio senso;Asciutto;Asfaltata;Verticale ed orizzontale;Sereno;Normale;Buona;Ore Diurne;0;0;0;1;12.3471;41.9055;-1;1;Autovettura privata;In marcia / fermata / arresto;Conducente;M;Illeso;0;;Non accertato;Inesploso
3933464;15;25/07/2018 16:30:00;Strada Urbana;VIA DELLA MAGLIANA;in prossimità;;del civico n.;321/a;;Scontro laterale fra veicoli in marcia;Rettilineo;Due carreggiate;Asciutto;Asfaltata;Assente;Grandine in atto;Intenso;Sufficiente;Ore Diurne;0;0;0;3;12.4549;41.8417;-1;1;Motociclo a solo;In marcia / fermata / arresto;Conducente;M;Illeso;0;;Non accertato;
3933464;15;25/07/2018 16:30:00;Strada Urbana;VIA DELLA MAGLIANA;in prossimità;;del civico n.;321/a;;Scontro laterale fra veicoli in marcia;Rettilineo;Due carreggiate;Asciutto;Asfaltata;Assente;Grandine in atto;Intenso;Sufficiente;Ore Diurne;0;0;0;3;12.4549;41.8417;-1;2;Autovettura privata;In marcia / fermata / arresto;Conducente;M;Illeso;0;;Non accertato;Inesploso
3933464;15;25/07/2018 16:30:00;Strada Urbana;VIA DELLA MAGLIANA;in prossimità;;del civico n.;321/a;;Scontro laterale fra veicoli in marcia;Rettilineo;Due carreggiate;Asciutto;Asfaltata;Assente;Grandine in atto;Intenso;Sufficiente;Ore Diurne;0;0;0;3;12.4549;41.8417;-1;2;Autovettura privata;In marcia / fermata / arresto;Passeggero;M;Illeso;0;;;
3933481;8;25/07/2018 17:45:00;Strada Urbana;VIA DELL'AQUILA REALE;in prossimità;;del civico n.;55;;Investimento di pedone;Rettilineo;Una carreggiata a doppio senso;Asciutto;Asfaltata;Verticale ed orizzontale;Sereno;Normale;Buona;Ore Diurne;1;0;0;2;12.5961;41.8631;-1;;;;Pedone;M;Illeso;0;;;
3933481;8;25/07/2018 17:45:00;Strada Urbana;VIA DELL'AQUILA REALE;in prossimità;;del civico n.;55;;Investimento di pedone;Rettilineo;Una carreggiata a doppio senso;Asciutto;Asfaltata;Verticale ed orizzontale;Sereno;Normale;Buona;Ore Diurne;1;0;0;2;12.5961;41.8631;-1;;;;Pedone;M;Ricoverato;0;NON DECEDUTO;;
3933481;8;25/07/2018 17:45:00;Strada Urbana;VIA DELL'AQUILA REALE;in prossimità;;del civico n.;55;;Investimento di pedone;Rettilineo;Una carreggiata a doppio senso;Asciutto;Asfaltata;Verticale ed orizzontale;Sereno;Normale;Buona;Ore Diurne;1;0;0;2;12.5961;41.8631;-1;1;Autovettura privata;In marcia / fermata / arresto;Conducente;M;Illeso;0;;Non accertato;Inesploso
3933483;10;26/07/2018 07:35:00;Statale entro l'abitato;VIA TUSCOLANA;all'intersezione semaforizzata con;VIA DELLE CAPANNELLE;VIA DELLE CAPANNELLE;;;Scontro laterale fra veicoli in marcia;Intersezione semaforizzata;Più di due carreggiate;Asciutto;Asfaltata;Verticale ed orizzontale;Sereno;Normale;Buona;Ore Diurne;1;0;0;1;12.5755;41.8485;-1;1;Motociclo a solo;In marcia / fermata / arresto;Conducente;M;Rifiuta cure immediate;0;NON DECEDUTO;Non accertato;
3933483;10;26/07/2018 07:35:00;Statale entro l'abitato;VIA TUSCOLANA;all'intersezione semaforizzata con;VIA DELLE CAPANNELLE;VIA DELLE CAPANNELLE;;;Scontro laterale fra veicoli in marcia;Intersezione semaforizzata;Più di due carreggiate;Asciutto;Asfaltata;Verticale ed orizzontale;Sereno;Normale;Buona;Ore Diurne;1;0;0;1;12.5755;41.8485;-1;2;Motociclo a solo;In marcia / fermata / arresto;Conducente;M;Illeso;0;;Non accertato;
3933484;11;25/07/2018 16:35:00;Strada Urbana;VIA DI FIORANELLO;in prossimità;;del civico n.;184;;Scontro laterale fra veicoli in marcia;Rettilineo;Una carreggiata a doppio senso;Asciutto;Asfaltata;Assente;Sereno;Normale;Buona;Ore Diurne;0;0;0;2;12.5381;41.794;-1;1;Autovettura privata;In marcia / fermata / arresto;Conducente;M;Illeso;0;;Non accertato;
3933484;11;25/07/2018 16:35:00;Strada Urbana;VIA DI FIORANELLO;in prossimità;;del civico n.;184;;Scontro laterale fra veicoli in marcia;Rettilineo;Una carreggiata a doppio senso;Asciutto;Asfaltata;Assente;Sereno;Normale;Buona;Ore Diurne;0;0;0;2;12.5381;41.794;-1;2;Autovettura privata;In marcia / fermata / arresto;Conducente;M;Illeso;0;;Non accertato;
3933491;7;25/07/2018 19:50:00;Strada Urbana;VIA ALBERTO DA GIUSSANO;in corrispondenza;;del civico n.;44;;Scontro laterale fra veicoli in marcia;Rettilineo;Una carreggiata a senso unico di marcia;Asciutto;Asfaltata;Assente;Sereno;Scarso;Buona;Sufficiente;0;0;0;2;12.5343;41.8906;-1;1;Autovettura privata;In marcia / fermata / arresto;Conducente;M;Illeso;0;;;
3933491;7;25/07/2018 19:50:00;Strada Urbana;VIA ALBERTO DA GIUSSANO;in corrispondenza;;del civico n.;44;;Scontro laterale fra veicoli in marcia;Rettilineo;Una carreggiata a senso unico di marcia;Asciutto;Asfaltata;Assente;Sereno;Scarso;Buona;Sufficiente;0;0;0;2;12.5343;41.8906;-1;2;Motociclo a solo;In marcia / fermata / arresto;Conducente;M;Illeso;0;;;
3933492;5;25/07/2018 13:40:00;Strada Urbana;VIA TIBURTINA;da specificare;;;;PROSS. VIA SCORTICABOVE DIREZ. GRA;Scontro laterale fra veicoli in marcia;Rettilineo;Due carreggiate;Asciutto;Asfaltata;Temporanea di cantiere;Sereno;Normale;Buona;Ore Diurne;0;0;0;2;12.5928;41.9328;-1;1;Motociclo a solo;In marcia / fermata / arresto;Conducente;M;Illeso;0;;Non accertato;
3933492;5;25/07/2018 13:40:00;Strada Urbana;VIA TIBURTINA;da specificare;;;;PROSS. VIA SCORTICABOVE DIREZ. GRA;Scontro laterale fra veicoli in marcia;Rettilineo;Due carreggiate;Asciutto;Asfaltata;Temporanea di cantiere;Sereno;Normale;Buona;Ore Diurne;0;0;0;2;12.5928;41.9328;-1;2;Autocarro inferiore 35 q.;In marcia / fermata / arresto;Conducente;M;Illeso;0;;Non accertato;Inesploso
3933498;5;25/07/2018 16:10:00;Strada Urbana;VIA DI PIETRALATA;all'intersezione con;VIA DEI MONTI DI PIETRALATA;VIA DEI MONTI DI PIETRALATA;;;Scontro frontale/laterale SX fra veicoli in marcia;Incrocio;Una carreggiata a doppio senso;Asciutto;Asfaltata;Verticale ed orizzontale;Sereno;Normale;Buona;Ore Diurne;1;0;0;1;12.5349;41.9264;-1;1;Autovettura privata;In marcia / fermata / arresto;Conducente;M;Illeso;0;;Non accertato;Inesploso
3933498;5;25/07/2018 16:10:00;Strada Urbana;VIA DI PIETRALATA;all'intersezione con;VIA DEI MONTI DI PIETRALATA;VIA DEI MONTI DI PIETRALATA;;;Scontro frontale/laterale SX fra veicoli in marcia;Incrocio;Una carreggiata a doppio senso;Asciutto;Asfaltata;Verticale ed orizzontale;Sereno;Normale;Buona;Ore Diurne;1;0;0;1;12.5349;41.9264;-1;2;Motociclo a solo;In marcia / fermata / arresto;Conducente;M;Rimandato;0;NON DECEDUTO;;
3933505;1;25/07/2018 17:30:00;Strada Urbana;VIA LUIGI PIANCIANI;in prossimità;;del civico n.;30;;Scontro laterale fra veicoli in marcia;Rettilineo;Una carreggiata a senso unico di marcia;Asciutto;Asfaltata;Verticale ed orizzontale;Sereno;Scarso;Buona;Ore Diurne;0;0;0;2;12.5086;41.8927;-1;1;Autovettura privata;In marcia / fermata / arresto;Conducente;M;Illeso;0;;Non accertato;Inesploso
3933505;1;25/07/2018 17:30:00;Strada Urbana;VIA LUIGI PIANCIANI;in prossimità;;del civico n.;30;;Scontro laterale fra veicoli in marcia;Rettilineo;Una carreggiata a senso unico di marcia;Asciutto;Asfaltata;Verticale ed orizzontale;Sereno;Scarso;Buona;Ore Diurne;0;0;0;2;12.5086;41.8927;-1;2;Motociclo a solo;In marcia / fermata / arresto;Conducente;M;Illeso;0;;Non accertato;
3933506;8;25/07/2018 17:15:00;Strada Urbana;VIA DI TOR BELLA MONACA;in corrispondenza;;del palo luce n.;81;;Tamponamento;Rettilineo;Due carreggiate;Asciutto;Asfaltata;Verticale ed orizzontale;Sereno;Normale;Buona;Ore Diurne;1;0;0;2;12.6282;41.8763;-1;1;Autocarro inferiore 35 q.;In marcia / fermata / arresto;Conducente;M;Rimandato;0;NON DECEDUTO;Non accertato;Esploso
3933506;8;25/07/2018 17:15:00;Strada Urbana;VIA DI TOR BELLA MONACA;in corrispondenza;;del palo luce n.;81;;Tamponamento;Rettilineo;Due carreggiate;Asciutto;Asfaltata;Verticale ed orizzontale;Sereno;Normale;Buona;Ore Diurne;1;0;0;2;12.6282;41.8763;-1;2;Autovettura privata;In marcia / fermata / arresto;Conducente;F;Illeso;0;;Non accertato;Inesploso
3933506;8;25/07/2018 17:15:00;Strada Urbana;VIA DI TOR BELLA MONACA;in corrispondenza;;del palo luce n.;81;;Tamponamento;Rettilineo;Due carreggiate;Asciutto;Asfaltata;Verticale ed orizzontale;Sereno;Normale;Buona;Ore Diurne;1;0;0;2;12.6282;41.8763;-1;2;Autovettura privata;In marcia / fermata / arresto;Passeggero;F;Illeso;0;;Non accertato;Inesploso
3933507;11;25/07/2018 14:50:00;Strada Urbana;VIA ANDREA DI BONAIUTO;all'intersezione con;VIA DI VIGNA MURATA;VIA DI VIGNA MURATA;;;Tamponamento;Incrocio;Una carreggiata a doppio senso;Asciutto;Asfaltata;Verticale ed orizzontale;Nuvoloso;Scarso;Buona;Ore Diurne;1;0;0;1;12.4928;41.8269;-1;1;Autovettura privata;In marcia / fermata / arresto;Conducente;F;Rimandato;0;NON DECEDUTO;Non accertato;Inesploso
3933507;11;25/07/2018 14:50:00;Strada Urbana;VIA ANDREA DI BONAIUTO;all'intersezione con;VIA DI VIGNA MURATA;VIA DI VIGNA MURATA;;;Tamponamento;Incrocio;Una carreggiata a doppio senso;Asciutto;Asfaltata;Verticale ed orizzontale;Nuvoloso;Scarso;Buona;Ore Diurne;1;0;0;1;12.4928;41.8269;-1;2;Autovettura privata;In marcia / fermata / arresto;Conducente;F;Illeso;0;;Non accertato;Inesploso
3933510;10;25/07/2018 18:45:00;Strada Urbana;VIA FRANCO BARTOLONI;in corrispondenza;;del civico n.;99;;Infortunio per sola frenata improvvisa;Rettilineo;Una carreggiata a senso unico di marcia;Asciutto;Asfaltata;Verticale ed orizzontale;Sereno;Scarso;Buona;Ore Diurne;1;0;0;1;12.5276;41.8665;-1;1;Motociclo a solo;In marcia / fermata / arresto;Conducente;M;Rimandato;0;NON DECEDUTO;Non accertato;
3933510;10;25/07/2018 18:45:00;Strada Urbana;VIA FRANCO BARTOLONI;in corrispondenza;;del civico n.;99;;Infortunio per sola frenata improvvisa;Rettilineo;Una carreggiata a senso unico di marcia;Asciutto;Asfaltata;Verticale ed orizzontale;Sereno;Scarso;Buona;Ore Diurne;1;0;0;1;12.5276;41.8665;-1;2;Autovettura privata;In marcia / fermata / arresto;Conducente;M;Illeso;0;;Non accertato;Inesploso
3933515;15;25/07/2018 17:00:00;Strada Urbana;LUNGOTEVERE DI PIETRA PAPA;da specificare;;;;FRONTE CIV. 185;Tamponamento;Rettilineo;Due carreggiate;Asciutto;Asfaltata;Orizzontale;Sereno;Normale;Buona;Ore Diurne;0;0;0;3;12.4743;41.8629;-1;1;Autovettura privata;In marcia / fermata / arresto;Conducente;M;Illeso;0;;Non accertato;Inesploso
3933515;15;25/07/2018 17:00:00;Strada Urbana;LUNGOTEVERE DI PIETRA PAPA;da specificare;;;;FRONTE CIV. 185;Tamponamento;Rettilineo;Due carreggiate;Asciutto;Asfaltata;Orizzontale;Sereno;Normale;Buona;Ore Diurne;0;0;0;3;12.4743;41.8629;-1;2;Autovettura privata;In marcia / fermata / arresto;Conducente;F;Illeso;0;;Non accertato;Inesploso
3933515;15;25/07/2018 17:00:00;Strada Urbana;LUNGOTEVERE DI PIETRA PAPA;da specificare;;;;FRONTE CIV. 185;Tamponamento;Rettilineo;Due carreggiate;Asciutto;Asfaltata;Orizzontale;Sereno;Normale;Buona;Ore Diurne;0;0;0;3;12.4743;41.8629;-1;2;Autovettura privata;In marcia / fermata / arresto;Passeggero;F;Illeso;0;;Non accertato;Inesploso
3933541;8;25/07/2018 20:00:00;Strada Urbana;VIA PIOBBICO;all'intersezione con;VIA CARTOCETO;VIA CARTOCETO;;;Scontro laterale fra veicoli in marcia;Incrocio;Una carreggiata a doppio senso;Asciutto;Asfaltata;Assente;Sereno;Scarso;Buona;Ore Diurne;0;1;0;2;12.7036;41.891;-1;1;Autovettura privata;In marcia / fermata / arresto;Conducente;F;Illeso;0;;Non accertato;Inesploso
3933541;8;25/07/2018 20:00:00;Strada Urbana;VIA PIOBBICO;all'intersezione con;VIA CARTOCETO;VIA CARTOCETO;;;Scontro laterale fra veicoli in marcia;Incrocio;Una carreggiata a doppio senso;Asciutto;Asfaltata;Assente;Sereno;Scarso;Buona;Ore Diurne;0;1;0;2;12.7036;41.891;-1;1;Autovettura privata;In marcia / fermata / arresto;Passeggero;F;Illeso;0;;Non accertato;Inesploso
3933541;8;25/07/2018 20:00:00;Strada Urbana;VIA PIOBBICO;all'intersezione con;VIA CARTOCETO;VIA CARTOCETO;;;Scontro laterale fra veicoli in marcia;Incrocio;Una carreggiata a doppio senso;Asciutto;Asfaltata;Assente;Sereno;Scarso;Buona;Ore Diurne;0;1;0;2;12.7036;41.891;-1;2;Velocipede;In marcia / fermata / arresto;Conducente;M;Prognosi riservata;0;NON DECEDUTO;Esente;
3933562;15;25/07/2018 17:15:00;Strada Urbana;VIA ODERISI DA GUBBIO;all'intersezione con;VIA BORGHESANO LUCCHESE;VIA BORGHESANO LUCCHESE;;;Scontro frontale/laterale DX fra veicoli in marcia;Intersezione semaforizzata;Una carreggiata a doppio senso;Asciutto;Asfaltata;Verticale ed orizzontale;Sereno;Intenso;Buona;Ore Diurne;1;0;0;1;12.4653;41.8654;-1;1;Ciclomotore;In marcia / fermata / arresto;Conducente;M;Rimandato;0;NON DECEDUTO;;